POSITION,NAME,TOUCHDOWNS,INTERCEPTIONSTHROWN,YARDS,CARRIES,RECEPTIONS
QB,Allen.Brandon,0,0,0,0,0
QB,Anderson.Derek,0,0,36,0,0
QB,Barkley.Matt,0,0,0,0,0
QB,Bercovici.Mike,0,0,0,0,0
QB,Bethel-Thompson.McLeod,0,0,0,0,0
QB,Bortles.Blake,35,18,4428,0,0
QB,Boykin.Trevone,0,0,0,0,0
QB,Bradford.Sam,19,14,3725,0,0
QB,Brady.Tom,36,7,4770,0,0
QB,Bray.Tyler,0,0,0,0,0
QB,Brees.Drew,32,11,4870,0,0
QB,Bridgewater.Teddy,14,9,3231,0,0
QB,Brissett.Jacoby,0,0,0,0,0
QB,Callahan.Joe,0,0,0,0,0
QB,Carr.Derek,32,13,3987,0,0
QB,Cassel.Matt,5,7,1276,0,0
QB,Clemens.Kellen,1,0,63,0,0
QB,Coker.Jake,0,0,0,0,0
QB,Cook.Connor,0,0,0,0,0
QB,Cousins.Kirk,29,11,4166,0,0
QB,Cutler.Jay,21,11,3659,0,0
QB,Dalton.Andy,25,7,3250,0,0
QB,Daniel.Chase,0,0,4,0,0
QB,Davis.Austin,1,3,547,0,0
QB,Doughty.Brandon,0,0,0,0,0
QB,Driskel.Jeff,0,0,0,0,0
QB,Dysert.Zac,0,0,0,0,0
QB,Fales.David,0,0,0,0,0
QB,Fitzpatrick.Ryan,31,15,3905,0,0
QB,Flacco.Joe,14,12,2791,0,0
QB,Gabbert.Blaine,10,7,2031,0,0
QB,Garoppolo.Jimmy,0,0,6,0,0
QB,Glennon.Mike,0,0,0,0,0
QB,Goff.Jared,0,0,0,0,0
QB,Gradkowski.Bruce,0,0,0,0,0
QB,Grayson.Garrett,0,0,0,0,0
QB,Griffin.Ryan,0,0,0,0,0
QB,GriffinIII.Robert,0,0,0,0,0
QB,Hackenberg.Christian,0,0,0,0,0
QB,Heaps.Jake,0,0,0,0,0
QB,Heinicke.Taylor,0,0,0,0,0
QB,Henne.Chad,0,0,0,0,0
QB,Hill.Shaun,0,0,15,0,0
QB,Hogan.Kevin,0,0,0,0,0
QB,Hoyer.Brian,19,7,2606,0,0
QB,Hundley.Brett,0,0,0,0,0
QB,Johnson.Jerrod,0,0,0,0,0
QB,Johnson.Josh,0,0,0,0,0
QB,Jones.Cardale,0,0,0,0,0
QB,Jones.Landry,3,4,513,0,0
QB,Kaepernick.Colin,6,5,1615,0,0
QB,Keenum.Case,4,1,828,0,0
QB,Kessler.Cody,0,0,0,0,0
QB,LeFevour.Dan,0,0,0,0,0
QB,Lewis.Thad,0,0,0,0,0
QB,Licata.Joe,0,0,0,0,0
QB,Luck.Andrew,15,12,1881,0,0
QB,Lynch.Paxton,0,0,0,0,0
QB,Mallett.Ryan,5,6,1336,0,0
QB,Manning.Eli,35,14,4432,0,0
QB,Mannion.Sean,0,0,31,0,0
QB,Manuel.EJ,3,3,561,0,0
QB,Mariota.Marcus,19,10,2818,0,0
QB,McCarron.AJ,6,2,854,0,0
QB,McCown.Josh,12,4,2109,0,0
QB,McCown.Luke,0,1,335,0,0
QB,McCoy.Colt,1,0,128,0,0
QB,McGloin.Matt,2,1,142,0,0
QB,Mettenberger.Zach,4,7,935,0,0
QB,Moore.Kellen,4,6,779,0,0
QB,Moore.Matt,0,0,14,0,0
QB,Morris.Stephen,0,0,0,0,0
QB,Murray.Aaron,0,0,0,0,0
QB,Nassib.Ryan,1,0,68,0,0
QB,Newton.Cam,35,10,3837,0,0
QB,Orlovsky.Dan,1,1,201,0,0
QB,Osweiler.Brock,10,6,1967,0,0
QB,Palmer.Carson,35,11,4671,0,0
QB,Petty.Bryce,0,0,0,0,0
QB,Prescott.Dak,0,0,0,0,0
QB,Renfree.Sean,0,1,11,0,0
QB,Rivers.Philip,29,13,4792,0,0
QB,Rodgers.Aaron,31,8,3821,0,0
QB,Roethlisberger.Ben,21,16,3938,0,0
QB,Romo.Tony,5,7,884,0,0
QB,Rudock.Jake,0,0,0,0,0
QB,Ryan.Matt,21,16,4591,0,0
QB,Sanchez.Mark,4,4,616,0,0
QB,Savage.Tom,0,0,0,0,0
QB,Schaub.Matt,3,4,540,0,0
QB,Shaw.Connor,0,0,0,0,0
QB,Showers.Jameill,0,0,0,0,0
QB,Siemian.Trevor,0,0,0,0,0
QB,Simms.Matt,0,0,0,0,0
QB,Smith.Alex,20,7,3486,0,0
QB,Smith.Geno,2,1,265,0,0
QB,Stafford.Matthew,32,13,4262,0,0
QB,Stanton.Drew,0,2,104,0,0
QB,Stave.Joel,0,0,0,0,0
QB,Sudfeld.Nate,0,0,0,0,0
QB,Tannehill.Ryan,24,12,4208,0,0
QB,Tanney.Alex,1,0,99,0,0
QB,Taylor.Tyrod,20,6,3035,0,0
QB,Thomas.Logan,0,0,0,0,0
QB,Thompson.Dylan,0,0,0,0,0
QB,Tolzien.Scott,0,0,4,0,0
QB,Vaughan.Dustin,0,0,0,0,0
QB,Webb.Joe,0,0,0,0,0
QB,Weeden.Brandon,5,2,1043,0,0
QB,Wenning.Keith,0,0,0,0,0
QB,Wentz.Carson,0,0,0,0,0
QB,Williams.Marquise,0,0,0,0,0
QB,Wilson.Russell,34,8,4024,0,0
QB,Winston.Jameis,22,15,4042,0,0
QB,Wittek.Max,0,0,0,0,0
RB,Abdullah.Ameer,2,0,597,143,0
RB,Ajayi.Jay,1,0,187,49,0
RB,Allen.Javorius,1,0,514,137,0
RB,Anderson.C.J.,5,0,720,152,0
RB,Andrews.Antonio,3,0,520,143,0
RB,Archer.Dri,0,0,0,0,0
RB,Artis-Payne.Cameron,1,0,183,45,0
RB,Asiata.Matt,0,0,112,29,0
RB,Atkinson.George,0,0,0,0,0
RB,Banyard.Joe,0,0,0,0,0
RB,Barber.Peyton,0,0,0,0,0
RB,Barner.Kenjon,0,0,124,28,0
RB,Bell.Le'Veon,3,0,556,113,0
RB,Bergen.Sam,0,0,0,0,0
RB,Bernard.Giovani,2,0,730,154,0
RB,Bibbs.Kapri,0,0,0,0,0
RB,Blount.LeGarrette,6,0,703,165,0
RB,Blue.Alfred,2,0,698,183,0
RB,Bohanon.Tommy,0,0,2,2,0
RB,Bolden.Brandon,0,0,207,63,0
RB,Bonnet.Andrew,0,0,0,0,0
RB,Booker.Devontae,0,0,0,0,0
RB,Brooks.Zac,0,0,0,0,0
RB,Brown.Donald,1,0,229,59,0
RB,Brown.Mack,0,0,0,0,0
RB,Brown.Malcolm,0,0,17,4,0
RB,Brown-Dukes.Brandon,0,0,0,0,0
RB,Burkhead.Rex,0,0,4,4,0
RB,Burks.Brandon,0,0,0,0,0
RB,Burton.Michael,0,0,2,4,0
RB,Cadet.Travaris,0,0,28,11,0
RB,Carey.Ka'Deem,2,0,159,43,0
RB,Carson.Tra,0,0,0,0,0
RB,Charles.Jamaal,4,0,364,71,0
RB,Cobb.David,1,0,146,52,0
RB,Coleman.Tevin,1,0,392,87,0
RB,Collins.Alex,0,0,0,0,0
RB,Coprich.Marshaun,0,0,0,0,0
RB,Crockett.John,0,0,21,9,0
RB,Crowell.Isaiah,4,0,706,185,0
RB,Cunningham.Benny,0,0,140,37,0
RB,Darkwa.Orleans,1,0,153,36,0
RB,Davis.Knile,1,0,72,28,0
RB,Davis.Mike,0,0,58,35,0
RB,Develin.James,0,0,0,0,0
RB,DiMarco.Patrick,0,0,0,1,0
RB,Dixon.Kenneth,0,0,0,0,0
RB,Drake.Kenyan,0,0,0,0,0
RB,Draughn.Shaun,1,0,273,78,0
RB,Dunbar.Lance,0,0,67,5,0
RB,Ellington.Andre,3,0,289,45,0
RB,Elliott.Ezekiel,0,0,0,0,0
RB,Ervin.Tyler,0,0,0,0,0
RB,Farrow.Kenneth,0,0,0,0,0
RB,Felton.Jerome,0,0,2,1,0
RB,Ferguson.Josh,0,0,0,0,0
RB,Fluellen.David,0,0,0,0,0
RB,Forsett.Justin,2,0,641,151,0
RB,Forte.Matt,4,0,898,218,0
RB,Foster.Arian,1,0,163,63,0
RB,Foster.D.J.,0,0,0,0,0
RB,Fowler.Jalston,1,0,13,7,0
RB,Freeman.Devonta,11,0,1,056,265,0
RB,Gaffney.Tyler,0,0,0,0,0
RB,Gaskins.Kendall,0,0,38,16,0
RB,Gillislee.Mike,3,0,267,47,0
RB,Gordon.Melvin,0,0,641,184,0
RB,Gore.Frank,6,0,967,260,0
RB,Grant.Corey,0,0,2,6,0
RB,Gray.Jonas,0,0,176,45,0
RB,Green.Aaron,0,0,0,0,0
RB,Grimes.Jonathan,1,0,282,56,0
RB,Gronkowski.Glenn,0,0,0,0,0
RB,Gurley.Todd,10,0,1,106,229,0
RB,Ham.C.J.,0,0,0,0,0
RB,Hansbrough.Russell,0,0,0,0,0
RB,Harris.DuJuan,0,0,189,48,0
RB,Helu.Roy,0,0,39,17,0
RB,Henry.Derrick,0,0,0,0,0
RB,Herron.Dan,0,0,79,25,0
RB,Hightower.Tim,4,0,375,96,0
RB,Hill.Bronson,0,0,0,0,0
RB,Hill.Jeremy,11,0,794,223,0
RB,Hilliard.Kenny,0,0,0,0,0
RB,Hillman.Ronnie,7,0,863,207,0
RB,Houma.Sione,0,0,0,0,0
RB,Howard.Jordan,0,0,0,0,0
RB,Howsare.Julian,0,0,0,0,0
RB,Hunt.Akeem,0,0,96,17,0
RB,Hyde.Carlos,3,0,470,115,0
RB,Ingram.Mark,6,0,769,166,0
RB,Iosefa.Joey,0,0,51,15,0
RB,Ivory.Chris,7,0,1,070,247,0
RB,Jackson.Darius,0,0,0,0,0
RB,James.Mike,0,0,0,0,0
RB,Janovich.Andy,0,0,0,0,0
RB,Jennings.Rashad,3,0,863,195,0
RB,Johnson.Austin,1,0,9,4,0
RB,Johnson.Brandon,0,0,0,0,0
RB,Johnson.Chris,3,0,814,196,0
RB,Johnson.David,8,0,581,125,0
RB,Johnson.Devon,0,0,0,0,0
RB,Johnson.Gus,0,0,0,0,0
RB,Johnson.Malcolm,0,0,0,0,0
RB,Johnson.Duke,0,0,379,104,0
RB,Johnson.Storm,0,0,0,0,0
RB,Johnson.Will,1,0,7,4,0
RB,Jones.Matt,3,0,490,144,0
RB,Jones.Taiwan,0,0,74,16,0
RB,Juszczyk.Kyle,0,0,3,2,0
RB,Kelley.Rob,0,0,0,0,0
RB,Kerridge.Joe,0,0,0,0,0
RB,Lacy.Eddie,3,0,758,187,0
RB,Langford.Jeremy,6,0,537,148,0
RB,Lasco.Daniel,0,0,0,0,0
RB,Lasike.Paul,0,0,0,0,0
RB,Laskey.Zach,0,0,0,0,0
RB,Lewis.Dion,2,0,234,49,0
RB,Line.Zach,2,0,10,6,0
RB,Luc.Jeff,0,0,0,0,0
RB,Madden.Tre,0,0,0,0,0
RB,Magee.Terrence,0,0,5,2,0
RB,Marshall.Keith,0,0,0,0,0
RB,Martin.Doug,6,0,1,402,288,0
RB,Mason.Tre,1,0,207,75,0
RB,Mathews.Ryan,6,0,539,106,0
RB,McCluster.Dexter,1,0,247,55,0
RB,McCoy.LeSean,3,0,895,203,0
RB,McFadden.Darren,3,0,1,089,239,0
RB,McKinnon.Jerick,2,0,271,52,0
RB,Michael.Christine,0,0,243,54,0
RB,Millard.Trey,0,0,0,0,0
RB,Miller.Bruce,1,0,14,6,0
RB,Miller.Lamar,8,0,872,194,0
RB,Morris.Alfred,1,0,751,202,0
RB,Morris.Romar,0,0,0,0,0
RB,Mostert.Raheem,0,0,0,0,0
RB,Murphy.Marcus,0,0,0,1,0
RB,Murray.DeMarco,6,0,702,193,0
RB,Murray.Latavius,6,0,1,066,266,0
RB,Nix-Jones.Roosevelt,0,0,0,0,0
RB,O'Neal.Cedric,0,0,0,0,0
RB,Olawale.Jamize,1,0,110,24,0
RB,Oliver.Branden,0,0,108,31,0
RB,Pead.Isaiah,0,0,3,2,0
RB,Peerman.Cedric,0,0,0,0,0
RB,Penny.Elijhaa,0,0,0,0,0
RB,Perkins.Paul,0,0,0,0,0
RB,Perry.Senorise,0,0,0,0,0
RB,Peterson.Adrian,11,0,1,485,327,0
RB,Pierce.Bernard,0,0,11,6,0
RB,Powell.Bilal,1,0,313,70,0
RB,Pressley.Jhurrell,0,0,0,0,0
RB,Prosch.Jay,0,0,33,6,0
RB,Prosise.C.J.,0,0,0,0,0
RB,Rainey.Bobby,0,0,18,5,0
RB,Ratelle.Will,0,0,0,0,0
RB,Rawls.Thomas,4,0,830,147,0
RB,Reaves.Darrin,0,0,0,0,0
RB,Redd.Silas,0,0,0,0,0
RB,Reece.Marcel,0,0,36,10,0
RB,Renaud.Blake,0,0,0,0,0
RB,Reynolds.Chase,0,0,0,0,0
RB,Richard.Jalen,0,0,0,0,0
RB,Richardson.Daryl,0,0,0,0,0
RB,Richardson.Trent,0,0,0,0,0
RB,Riddick.Theo,0,0,133,43,0
RB,Ridley.Stevan,0,0,90,36,0
RB,Ripkowski.Aaron,0,0,0,0,0
RB,Robinson.Denard,1,0,266,67,0
RB,Robinson.Khiry,4,0,180,56,0
RB,Rodgers.Jacquizz,0,0,41,14,0
RB,Ross.Brandon,0,0,0,0,0
RB,Sankey.Bishop,1,0,193,47,0
RB,Sherman.Anthony,0,0,0,1,0
RB,Simmons.Jalen,0,0,0,0,0
RB,Sims.Charles,0,0,529,107,0
RB,Skov.Patrick,0,0,0,0,0
RB,Smallwood.Wendell,0,0,0,0,0
RB,Smith.Keith,0,0,0,0,0
RB,Smith.Dreamius,0,0,0,0,0
RB,Smith.Rod,0,0,5,2,0
RB,Spiller.C.J.,0,0,112,36,0
RB,Sproles.Darren,3,0,317,83,0
RB,Squirewell.Alstevis,0,0,0,0,0
RB,Starks.James,2,0,601,148,0
RB,Stewart.Jonathan,6,0,989,242,0
RB,Stingily.Cameron,0,0,0,0,0
RB,Swain.Chris,0,0,0,0,0
RB,Taliaferro.Lorenzo,1,0,47,13,0
RB,Taylor.Kelvin,0,0,0,0,0
RB,Taylor.Stepfan,0,0,58,17,0
RB,Thomas.Daniel,0,0,0,0,0
RB,Thompson.Chris,0,0,216,35,0
RB,Thompson.Juwan,0,0,48,18,0
RB,Todman.Jordan,0,0,22,4,0
RB,Tolbert.Mike,1,0,256,62,0
RB,Toure.Abou,0,0,0,0,0
RB,Toussaint.Fitzgerald,0,0,42,18,0
RB,Tupou.Taani,0,0,0,0,0
RB,Turbin.Robert,1,0,199,50,0
RB,Vainuku.Soma,0,0,0,0,0
RB,Vereen.Shane,0,0,260,61,0
RB,Ward.Terron,1,0,95,29,0
RB,Ware.Spencer,6,0,403,72,0
RB,Washington.DeAndre,0,0,0,0,0
RB,Washington.Dwayne,0,0,0,0,0
RB,Watson.Terrell,0,0,0,0,0
RB,Watt.Derek,0,0,0,0,0
RB,Wegher.Brandon,0,0,0,0,0
RB,West.Charcandrick,4,0,634,160,0
RB,West.Terrance,0,0,231,62,0
RB,White.James,2,0,56,22,0
RB,Whitlock.Nikita,0,0,0,0,0
RB,Whittaker.Fozzy,1,0,108,25,0
RB,Wilder.JamesJr.,0,0,0,0,0
RB,Wilds.Brandon,0,0,0,0,0
RB,Williams.Andre,1,0,257,88,0
RB,Williams.Damien,0,0,59,16,0
RB,Williams.DeAngelo,11,0,907,200,0
RB,Williams.Dominique,0,0,0,0,0
RB,Williams.Jonathan,0,0,0,0,0
RB,Williams.Karlos,7,0,517,93,0
RB,Williams.Kerwynn,1,0,142,27,0
RB,Williams.Trey,0,0,12,2,0
RB,Winn.George,0,0,1,4,0
RB,Winston.Glenn,0,0,-8,1,0
RB,Woodhead.Danny,3,0,336,98,0
RB,Yeldon.T.J.,2,0,740,182,0
RB,Young.Kelsey,0,0,0,0,0
RB,Zenner.Zach,0,0,60,17,0
WR,Abbrederis.Jared,0,0,111,0,9
WR,Adams.Davante,1,0,483,0,50
WR,Addison.Bralon,0,0,0,0,0
WR,Agholor.Nelson,1,0,283,0,23
WR,Aiken.Kamar,5,0,944,0,75
WR,Alford.Mario,0,0,15,0,1
WR,Allen.Davonte,0,0,0,0,0
WR,Allen.Keenan,4,0,725,0,67
WR,Allen.Torrence,0,0,0,0,0
WR,Allison.Geronimo,0,0,0,0,0
WR,Amendola.Danny,3,0,648,0,65
WR,Anderson.Dres,0,0,0,0,0
WR,Anderson.Robby,0,0,0,0,0
WR,Anthrop.Danny,0,0,0,0,0
WR,Austin.Tavon,5,0,473,0,52
WR,Ayers.DeMarcus,0,0,0,0,0
WR,Bailey.Rasheed,0,0,0,0,0
WR,Bailey.Stedman,1,0,182,0,12
WR,Baldwin.Doug,14,0,1,069,0,78
WR,Beasley.Cole,5,0,536,0,52
WR,Beckham.Odell,13,0,1,450,0,96
WR,Bell.Kenny,0,0,0,0,0
WR,Bell.Reggie,0,0,0,0,0
WR,Bellamy.Josh,2,0,224,0,19
WR,Benjamin.Kelvin,0,0,0,0,0
WR,Benjamin.Travis,5,0,966,0,68
WR,Benn.Arrelious,0,0,0,0,0
WR,Bennett.Michael,0,0,0,0,0
WR,Bersin.Brenton,0,0,119,0,9
WR,Billingsley.Jace,0,0,0,0,0
WR,Binford.Harvey,0,0,0,0,0
WR,Blackmon.Justin,0,0,0,0,0
WR,Blakeney.Issac,0,0,0,0,0
WR,Boehringer.Moritz,0,0,0,0,0
WR,Boldin.Anquan,4,0,789,0,69
WR,Boone.Kadron,0,0,0,0,0
WR,Boyce.Josh,0,0,0,0,0
WR,Boyd.Tyler,0,0,0,0,0
WR,Boykin.Jarrett,0,0,0,0,0
WR,Braverman.Daniel,0,0,0,0,0
WR,Bray.Quan,0,0,0,0,0
WR,Brent.K.J.,0,0,0,0,0
WR,Britt.Kenny,3,0,681,0,36
WR,Brown.Antonio,10,0,1,834,0,136
WR,Brown.Chris,0,0,0,0,0
WR,Brown.Corey,4,0,447,0,31
WR,Brown.Da'Ron,0,0,0,0,0
WR,Brown.Jaron,1,0,144,0,11
WR,Brown.John,7,0,1,003,0,65
WR,Brown.Marlon,0,0,112,0,14
WR,Bryant.Dez,3,0,401,0,31
WR,Bryant.Martavis,6,0,765,0,50
WR,Bundrage.Quenton,0,0,0,0,0
WR,Bundy.Marquis,0,0,0,0,0
WR,Burbridge.Aaron,0,0,0,0,0
WR,Burse.Isaiah,0,0,0,0,0
WR,Butler.Brice,0,0,258,0,12
WR,Butler.Jeremy,0,0,363,0,31
WR,Byrd.Damiere,0,0,0,0,0
WR,Byrd.LaRon,0,0,0,0,0
WR,Cajuste.Devon,0,0,0,0,0
WR,Caldwell.Andre,2,0,72,0,10
WR,Campanaro.Michael,0,0,35,0,5
WR,Campbell.DiAndre,0,0,0,0,0
WR,Capers.Avius,0,0,0,0,0
WR,Carlisle.Amir,0,0,0,0,0
WR,Carroo.Leonte,0,0,0,0,0
WR,Carter.DeAndre,0,0,0,0,0
WR,Chambers.Gary,0,0,0,0,0
WR,Clay.Kaelin,0,0,0,0,0
WR,Coates.Sammie,0,0,11,0,1
WR,Cobb.Randall,6,0,829,0,79
WR,Coleman.Brandon,2,0,454,0,30
WR,Coleman.Corey,0,0,0,0,0
WR,Collins.Dobson,0,0,0,0,0
WR,Conley.Chris,1,0,199,0,17
WR,Cook.Kenny,0,0,0,0,0
WR,Cooks.Brandin,9,0,1,138,0,84
WR,Cooper.Amari,6,0,1,070,0,72
WR,Cooper.Pharoh,0,0,0,0,0
WR,Core.Cody,0,0,0,0,0
WR,Crabtree.Michael,9,0,922,0,85
WR,Crowder.Jamison,2,0,604,0,59
WR,Cruz.A.J.,0,0,0,0,0
WR,Cruz.Victor,0,0,0,0,0
WR,Dable.Anthony,0,0,0,0,0
WR,Dangerfield.Jared,0,0,0,0,0
WR,Daniels.B.J.,0,0,18,0,2
WR,Davis.Andre,0,0,0,0,0
WR,Davis.Geremy,0,0,21,0,2
WR,Davis.Quinshad,0,0,0,0,0
WR,Davis.Titus,0,0,0,0,0
WR,Davis.Trevor,0,0,0,0,0
WR,Decker.Eric,12,0,1,027,0,80
WR,Diggs.Reggie,0,0,0,0,0
WR,Diggs.Stefon,4,0,720,0,52
WR,Dobson.Aaron,0,0,141,0,13
WR,Doctson.Josh,0,0,0,0,0
WR,Dorsett.Phillip,1,0,225,0,18
WR,Douglas.Harry,2,0,411,0,36
WR,Duncan.Kieren,0,0,0,0,0
WR,Dye.Donteea,1,0,132,0,11
WR,Eagan.Ed,0,0,0,0,0
WR,Easley.Marcus,1,0,58,0,1
WR,Edelman.Julian,7,0,692,0,61
WR,Edwards.Ben,0,0,9,0,1
WR,Ellington.Bruce,0,0,153,0,13
WR,Enunwa.Quincy,0,0,315,0,22
WR,Erickson.Alex,0,0,0,0,0
WR,Evans.Mike,3,0,1,206,0,74
WR,Evans.Shaq,0,0,0,0,0
WR,Fitzgerald.Larry,9,0,1,215,0,109
WR,Floyd.Michael,6,0,849,0,52
WR,Foster.Donte,0,0,0,0,0
WR,Fowler.Bennie,0,0,203,0,16
WR,Foxx.Deshon,0,0,0,0,0
WR,Frazier.Mose,0,0,0,0,0
WR,Fruechte.Isaac,0,0,0,0,0
WR,Fuller.Corey,0,0,76,0,4
WR,Fuller.Devin,0,0,0,0,0
WR,Fuller.Will,0,0,0,0,0
WR,Funchess.Devin,5,0,473,0,31
WR,Gabriel.Taylor,0,0,241,0,28
WR,Garcon.Pierre,6,0,777,0,72
WR,Garrett.Keyarris,0,0,0,0,0
WR,Ginn.Ted,10,0,739,0,44
WR,Givens.Chris,1,0,353,0,20
WR,Glidden.David,0,0,0,0,0
WR,Golden.Brittan,0,0,5,0,1
WR,Goodley.Antwan,0,0,0,0,0
WR,Goodwin.C.J.,0,0,0,0,0
WR,Goodwin.Marquise,0,0,24,0,2
WR,Gordon.Josh,0,0,0,0,0
WR,Graham.T.J.,0,0,24,0,4
WR,Grant.Antwane,0,0,0,0,0
WR,Grant.Jakeem,0,0,0,0,0
WR,Grant.Ryan,2,0,268,0,23
WR,Green.A.J.,10,0,1,297,0,86
WR,Green-Beckham.Dorial,4,0,549,0,32
WR,Greene.Rashad,2,0,93,0,19
WR,Hall.Marvin,0,0,0,0,0
WR,Hall.Rannell,0,0,0,0,0
WR,Hammond.Frankie,0,0,0,0,0
WR,Hankerson.Leonard,3,0,327,0,26
WR,Hansley.Joe,0,0,0,0,0
WR,Hardy.Justin,0,0,194,0,21
WR,Harper.Chris,0,0,6,0,1
WR,Harris.Dwayne,4,0,396,0,36
WR,Harris.Maurice,0,0,0,0,0
WR,Harris.R.J.,0,0,0,0,0
WR,Hawkins.Andrew,0,0,276,0,27
WR,Hazel.Matt,0,0,0,0,0
WR,Herndon.Javontee,0,0,195,0,24
WR,Heyward-Bey.Darrius,2,0,314,0,21
WR,Higgins.Rashard,0,0,0,0,0
WR,Hill.Stephen,0,0,0,0,0
WR,Hill.Tyreek,0,0,0,0,0
WR,Hilton.T.Y.,5,0,1,124,0,69
WR,Hogan.Chris,2,0,450,0,36
WR,Holmes.Andre,4,0,201,0,14
WR,Holton.Johnny,0,0,0,0,0
WR,Hopkins.DeAndre,11,0,1,521,0,111
WR,Horn.Reece,0,0,0,0,0
WR,Hubert.Chris,0,0,0,0,0
WR,Huff.Josh,3,0,312,0,27
WR,Humphries.Adam,1,0,260,0,27
WR,Hunter.Justin,1,0,264,0,22
WR,Hurns.Allen,10,0,1,031,0,64
WR,Inman.Dontrelle,3,0,486,0,35
WR,Jackson.DeSean,4,0,528,0,30
WR,Jackson.Vincent,3,0,543,0,33
WR,Janis.Jeff,0,0,79,0,2
WR,Jeffery.Alshon,4,0,807,0,54
WR,Jennings.Darius,0,0,117,0,14
WR,Johnson.Charles,0,0,127,0,9
WR,Johnson.Jamel,0,0,0,0,0
WR,Johnson.Marcus,0,0,0,0,0
WR,Johnson.Steve,3,0,497,0,45
WR,Jones.Andy,0,0,0,0,0
WR,Jones.Cayleb,0,0,0,0,0
WR,Jones.Jamaal,0,0,0,0,0
WR,Jones.Marvin,4,0,816,0,65
WR,Jones.Julio,8,0,1,871,0,136
WR,Jones.Seantavius,0,0,0,0,0
WR,Jones.T.J.,1,0,132,0,10
WR,Jones.Tevin,0,0,0,0,0
WR,Kearse.Jermaine,5,0,685,0,49
WR,Keaton.Derek,0,0,0,0,0
WR,Kerley.Jeremy,2,0,152,0,16
WR,King.Tavarres,0,0,0,0,0
WR,Krause.Jonathan,0,0,11,0,2
WR,Kumerow.Jake,0,0,0,0,0
WR,LaFell.Brandon,0,0,515,0,37
WR,Lampman.Jake,0,0,0,0,0
WR,Landry.Jarvis,4,0,1,157,0,110
WR,Latimer.Cody,1,0,59,0,6
WR,Lawler.Kenny,0,0,0,0,0
WR,Lawrence.Rashad,0,0,0,0,0
WR,Leak.Marcus,0,0,0,0,0
WR,Lee.Jay,0,0,0,0,0
WR,Lee.Marqise,1,0,191,0,15
WR,Lenz.Josh,0,0,0,0,0
WR,Leslie.Jordan,0,0,0,0,0
WR,Lewis.Dezmin,0,0,0,0,0
WR,Lewis.Roger,0,0,0,0,0
WR,Lewis.Tommylee,0,0,0,0,0
WR,Listenbee.Kolby,0,0,0,0,0
WR,Little.Greg,0,0,0,0,0
WR,Lockett.Tyler,6,0,664,0,51
WR,Long.Deon,0,0,0,0,0
WR,Louis.Ricardo,0,0,0,0,0
WR,Lucien.Devin,0,0,0,0,0
WR,Maclin.Jeremy,8,0,1,088,0,87
WR,Mariani.Marc,0,0,300,0,22
WR,Marquez.Bradley,0,0,88,0,13
WR,Marshall.Brandon,14,0,1,502,0,109
WR,Marshall.Byron,0,0,0,0,0
WR,Marshall.Jalin,0,0,0,0,0
WR,Martin.Keshawn,2,0,269,0,24
WR,Martino.Freddie,0,0,0,0,0
WR,Mathews.Mitch,0,0,0,0,0
WR,Matthews.Chris,1,0,151,0,13
WR,Matthews.Jordan,8,0,997,0,85
WR,Matthews.Rishard,4,0,662,0,43
WR,Maye.K.J.,0,0,0,0,0
WR,Mayle.Vince,0,0,0,0,0
WR,McBride.Tre,1,0,8,0,2
WR,McCaffrey.Max,0,0,0,0,0
WR,McKay.Mekale,0,0,0,0,0
WR,McKissic.J.D.,0,0,0,0,0
WR,McNeil.Douglas,0,0,0,0,0
WR,McRoberts.Paul,0,0,0,0,0
WR,Meredith.Cameron,0,0,120,0,11
WR,Michel.Marken,0,0,0,0,0
WR,Mickens.Jaydon,0,0,0,0,0
WR,Miller.Braxton,0,0,0,0,0
WR,Mitchell.Malcolm,0,0,0,0,0
WR,Moncrief.Donte,6,0,733,0,64
WR,Montgomery.Ty,2,0,136,0,15
WR,Moore.Chris,0,0,0,0,0
WR,Moore.Kashif,0,0,0,0,0
WR,Moore.Marlon,1,0,81,0,7
WR,Mumphery.Keith,0,0,129,0,14
WR,Murphy.Louis,0,0,198,0,10
WR,Murphy.Tyler,0,0,16,0,1
WR,Neal.Durron,0,0,0,0,0
WR,Nelson.J.J.,2,0,299,0,11
WR,Nelson.Jordy,0,0,0,0,0
WR,North.Marquez,0,0,0,0,0
WR,Norwood.Jordan,0,0,207,0,22
WR,Norwood.Kevin,0,0,0,0,0
WR,Norwood.Levi,0,0,0,0,0
WR,Palmer.Nathan,0,0,0,0,0
WR,Palmer.Tobais,0,0,0,0,0
WR,Parker.DeVante,3,0,494,0,26
WR,Parks.Dennis,0,0,0,0,0
WR,Patterson.Cordarrelle,0,0,10,0,2
WR,Patton.Quinton,1,0,394,0,30
WR,Payton.Jordan,0,0,0,0,0
WR,Peake.Charone,0,0,0,0,0
WR,Perriman.Breshad,0,0,0,0,0
WR,Peterson.Darrin,0,0,0,0,0
WR,Phillips.Shakim,0,0,0,0,0
WR,Posey.DeVier,0,0,0,0,0
WR,Powe.Darius,0,0,0,0,0
WR,Powell.Walt,0,0,0,0,0
WR,Prater.Kyle,0,0,0,0,0
WR,Pryor.Terrelle,0,0,42,0,1
WR,Quick.Brian,0,0,102,0,10
WR,Randle.Rueben,8,0,797,0,57
WR,Raymond.Kalif,0,0,0,0,0
WR,Reaves.DeAndre,0,0,0,0,0
WR,Reedy.Bernard,0,0,0,0,0
WR,Reynolds.Keenan,0,0,0,0,0
WR,Richardson.Paul,0,0,40,0,1
WR,Richardson.Rico,0,0,0,0,0
WR,Roberts.Andre,0,0,135,0,11
WR,Roberts.Ben,0,0,0,0,0
WR,Roberts.Seth,5,0,480,0,32
WR,Robinson.Aldrick,0,0,0,0,0
WR,Robinson.Allen,14,0,1,400,0,80
WR,Robinson.Demarcus,0,0,0,0,0
WR,Robinson.Jamal,0,0,0,0,0
WR,Rogers.Chester,0,0,0,0,0
WR,Rogers.Eli,0,0,0,0,0
WR,Rogers.Eric,0,0,0,0,0
WR,Ross.Jeremy,0,0,88,0,9
WR,Ross.Rashad,1,0,184,0,8
WR,Royal.Eddie,1,0,238,0,37
WR,Rush.Xavier,0,0,0,0,0
WR,Russell.Alonzo,0,0,0,0,0
WR,Salas.Greg,0,0,41,0,3
WR,Sanders.Emmanuel,6,0,1,135,0,76
WR,Sanu.Mohamed,0,0,394,0,33
WR,Scott.Rashawn,0,0,0,0,0
WR,Severin.Canaan,0,0,0,0,0
WR,Sharp.Hunter,0,0,0,0,0
WR,Sharpe.Tajae,0,0,0,0,0
WR,Shepard.Russell,1,0,28,0,3
WR,Shepard.Sterling,0,0,0,0,0
WR,Shipley.Jaxon,0,0,0,0,0
WR,Shippen.Brandon,0,0,0,0,0
WR,Shorts.Cecil,2,0,484,0,42
WR,Showers.Valdez,0,0,0,0,0
WR,Shuler.Miles,0,0,0,0,0
WR,Simonise.Rashaun,0,0,0,0,0
WR,Simpson.Jerome,1,0,54,0,5
WR,Sinkfield.Terrell,0,0,0,0,0
WR,Slater.Matthew,0,0,0,0,0
WR,Slavin.Tyler,0,0,0,0,0
WR,Smelter.DeAndre,0,0,0,0,0
WR,Smith.Devin,1,0,115,0,9
WR,Smith.Torrey,4,0,663,0,33
WR,Smith.Kevin,0,0,43,0,3
WR,Smith.Rodney,0,0,0,0,0
WR,Smith.Steve,3,0,670,0,46
WR,Smith.Tevaun,0,0,0,0,0
WR,Snead.Willie,3,0,984,0,69
WR,Spadola.Ryan,0,0,0,0,0
WR,Spencer.Evan,0,0,0,0,0
WR,Spruce.Nelson,0,0,0,0,0
WR,Stangby.Joshua,0,0,0,0,0
WR,Stewart.Dez,0,0,0,0,0
WR,Stills.Kenny,3,0,440,0,27
WR,Stoudermire.Troy,0,0,0,0,0
WR,Streater.Rod,0,0,8,0,1
WR,Street.Devin,1,0,114,0,7
WR,Strong.Jaelen,3,0,161,0,14
WR,Tate.Brandon,1,0,59,0,2
WR,Tate.Golden,6,0,813,0,90
WR,Taylor.Jordan,0,0,0,0,0
WR,Thielen.Adam,0,0,144,0,12
WR,Thomas.De'Anthony,1,0,140,0,17
WR,Thomas.Demaryius,6,0,1,304,0,105
WR,Thomas.Michael,0,0,0,0,0
WR,Thomas.Mike,0,0,0,0,0
WR,Thompkins.Kenbrell,0,0,165,0,17
WR,Thompson.Deonte,0,0,81,0,2
WR,Thompson.Kendal,0,0,0,0,0
WR,Thorpe.T.J.,0,0,0,0,0
WR,Treadwell.Laquon,0,0,0,0,0
WR,Treggs.Bryce,0,0,0,0,0
WR,Tucker.Marcus,0,0,0,0,0
WR,Turner.Jarvis,0,0,0,0,0
WR,Turner.Paul,0,0,0,0,0
WR,Turzilli.Andrew,0,0,25,0,2
WR,Tyms.Brian,0,0,0,0,0
WR,Wallace.Mike,2,0,473,0,39
WR,Walters.Bryan,1,0,368,0,32
WR,Washington.Corey,0,0,0,0,0
WR,Washington.Tony,0,0,0,0,0
WR,Washington.Nate,4,0,658,0,47
WR,Waters.Herb,0,0,0,0,0
WR,Watford.David,0,0,0,0,0
WR,Watkins.Sammy,9,0,1,047,0,60
WR,Weems.Eric,0,0,11,0,1
WR,Whalen.Griff,1,0,205,0,19
WR,Wheaton.Markus,5,0,749,0,44
WR,White.DeAndrew,0,0,18,0,2
WR,White.Kevin,0,0,0,0,0
WR,White.Myles,1,0,88,0,7
WR,Whitehead.Lucky,0,0,16,0,6
WR,Williams.Duke,0,0,0,0,0
WR,Williams.Dom,0,0,0,0,0
WR,Williams.Ed,0,0,0,0,0
WR,Williams.Jordan,0,0,0,0,0
WR,Williams.Kasen,0,0,8,0,1
WR,Williams.Kyle,0,0,0,0,0
WR,Williams.Mike,0,0,0,0,0
WR,Williams.Nick,2,0,159,0,17
WR,Williams.Terrance,3,0,840,0,52
WR,Williams.Tyrell,1,0,90,0,2
WR,Williams.Wendall,0,0,0,0,0
WR,Wilson.Albert,2,0,451,0,35
WR,Wilson.Marquess,1,0,464,0,28
WR,Woods.Robert,3,0,552,0,47
WR,Worthy.Chandler,0,0,14,0,3
WR,Wright.James,0,0,0,0,0
WR,Wright.Jarius,0,0,442,0,34
WR,Wright.Kendall,3,0,408,0,36
WR,Wynn.Shane,0,0,0,0,0
TE,Adams.Jerell,0,0,0,0,0
TE,Allen.Dwayne,1,0,109,0,16
TE,Allen.RaShaun,0,0,0,0,0
TE,Amaro.Jace,0,0,0,0,0
TE,Anderson.Rory,0,0,0,0,0
TE,Anderson.Stephen,0,0,0,0,0
TE,Annen.Blake,0,0,0,0,0
TE,Backman.Kennard,0,0,0,0,0
TE,Barnidge.Gary,9,0,1,043,0,79
TE,Bell.Blake,0,0,186,0,15
TE,Bennett.Martellus,3,0,439,0,53
TE,Bibbs.E.J.,0,0,7,0,1
TE,Bostick.Brandon,0,0,0,0,0
TE,Bowman.Braedon,0,0,0,0,0
TE,Boyle.Nick,0,0,153,0,18
TE,Brate.Cameron,3,0,288,0,23
TE,Braunecker.Ben,0,0,0,0,0
TE,Brown.Daniel,0,0,64,0,6
TE,Browne.Benson,0,0,0,0,0
TE,Burton.Trey,0,0,54,0,3
TE,Cameron.Jordan,3,0,386,0,35
TE,Carrier.Derek,1,0,141,0,17
TE,Carter.Kyle,0,0,0,0,0
TE,Cartwright.Kivon,0,0,0,0,0
TE,Celek.Brent,3,0,398,0,27
TE,Celek.Garrett,3,0,186,0,19
TE,Charles.Orson,0,0,0,0,0
TE,Christian.Gerald,0,0,0,0,0
TE,Clay.Charles,3,0,528,0,51
TE,Cleveland.Asante,0,0,1,0,1
TE,Coffman.Chase,1,0,71,0,8
TE,Cook.Jared,0,0,481,0,39
TE,Cottom.Brandon,0,0,0,0,0
TE,Cross.Alan,0,0,0,0,0
TE,Cumberland.Jeff,0,0,77,0,5
TE,Cunningham.Jerome,0,0,59,0,8
TE,Cunningham.Justice,0,0,0,0,0
TE,Davis.Kellen,1,0,18,0,3
TE,Davis.Vernon,0,0,395,0,38
TE,Deaver.Braxton,0,0,0,0,0
TE,Denham.Anthony,0,0,0,0,0
TE,Derby.A.J.,0,0,0,0,0
TE,Devalve.Seth,0,0,0,0,0
TE,Dickson.Ed,2,0,121,0,17
TE,Dixon.Mandel,0,0,0,0,0
TE,Donnell.Larry,2,0,223,0,29
TE,Doyle.Jack,1,0,72,0,12
TE,Dray.Jim,0,0,61,0,6
TE,Duarte.Thomas,0,0,0,0,0
TE,Ebron.Eric,5,0,537,0,47
TE,Eifert.Tyler,13,0,615,0,52
TE,Ellis.Alex,0,0,0,0,0
TE,Ellison.Rhett,1,0,124,0,11
TE,Ertz.Zach,2,0,853,0,75
TE,Escobar.Gavin,1,0,64,0,8
TE,Fasano.Anthony,2,0,289,0,26
TE,Fells.Darren,3,0,311,0,21
TE,Fiedorowicz.C.J.,1,0,167,0,17
TE,Fleener.Coby,3,0,491,0,54
TE,Fuehne.Adam,0,0,0,0,0
TE,Gates.Antonio,5,0,630,0,56
TE,Gathers.Rico,0,0,0,0,0
TE,Gillmore.Crockett,4,0,412,0,33
TE,Gragg.Chris,0,0,150,0,12
TE,Graham.Garrett,1,0,30,0,4
TE,Graham.Jimmy,2,0,605,0,48
TE,Gray.MarQueis,0,0,2,0,1
TE,Green.Ladarius,4,0,429,0,37
TE,Green.Virgil,1,0,173,0,12
TE,Gresham.Jermaine,1,0,223,0,18
TE,Griffin.Garrett,0,0,0,0,0
TE,Griffin.Ryan,2,0,251,0,20
TE,Grimble.Xavier,0,0,0,0,0
TE,Griswold.Darion,0,0,0,0,0
TE,Gronkowski.Rob,11,0,1,176,0,72
TE,Hamlett.Connor,0,0,0,0,0
TE,Hamm.Je'Ron,0,0,0,0,0
TE,Hanna.James,0,0,79,0,9
TE,Harbor.Clay,1,0,149,0,14
TE,Harkey.Cory,0,0,26,0,5
TE,Harris.Demetrius,1,0,74,0,7
TE,Helfet.Cooper,0,0,130,0,13
TE,Hemingway.Temarrick,0,0,0,0,0
TE,Henry.Mitchell,0,0,0,0,0
TE,Henry.Hunter,0,0,0,0,0
TE,Heuerman.Jeff,0,0,0,0,0
TE,Hewitt.Ryan,0,0,99,0,8
TE,Higbee.Tyler,0,0,0,0,0
TE,Hill.Josh,2,0,120,0,16
TE,Holmes.Gabe,0,0,0,0,0
TE,Holtz.J.P.,0,0,0,0,0
TE,Hoomanawanui.Michael,3,0,76,0,11
TE,Hooper.Austin,0,0,0,0,0
TE,Housler.Rob,0,0,33,0,4
TE,Hughes.Gabe,0,0,0,0,0
TE,Igwenagu.Emil,0,0,0,0,0
TE,Jacobs.Nic,0,0,6,0,1
TE,James.Jesse,1,0,56,0,8
TE,Jensen.Marcel,0,0,0,0,0
TE,Johnson.David,0,0,4,0,1
TE,Jones.Dominique,0,0,0,0,0
TE,Kelce.Travis,5,0,875,0,72
TE,Kendricks.Lance,2,0,245,0,25
TE,Koyack.Ben,0,0,0,0,0
TE,KriegerCoble.Henry,0,0,0,0,0
TE,Kroft.Tyler,1,0,129,0,11
TE,LaCosse.Matt,0,0,22,0,3
TE,Lang.Paul,0,0,0,0,0
TE,Lee.Khari,0,0,7,0,1
TE,Lengel.Matt,0,0,0,0,0
TE,Leonhardt.Brian,0,0,4,0,1
TE,Lewis.Marcedes,0,0,226,0,16
TE,Lucas.Marcus,0,0,0,0,0
TE,Lynch.Arthur,0,0,0,0,0
TE,Malleck.Ryan,0,0,0,0,0
TE,Manhertz.Chris,0,0,0,0,0
TE,McCord.Ben,0,0,0,0,0
TE,McDonald.Vance,3,0,326,0,30
TE,McFarland.M.J.,0,0,0,0,0
TE,McFarland.Mike,0,0,0,0,0
TE,McGrath.Sean,0,0,0,0,0
TE,Miller.Michael,0,0,0,0,0
TE,Miller.Zach,5,0,439,0,34
TE,Moeaki.Tony,1,0,58,0,3
TE,Momah.Ifeanyi,0,0,0,0,0
TE,Morgan.David,0,0,0,0,0
TE,Mulligan.Matthew,0,0,2,0,1
TE,Myers.Brandon,0,0,127,0,12
TE,Niklas.Troy,2,0,33,0,4
TE,O'Leary.Nick,0,0,37,0,1
TE,O'Malley.Ryan,0,0,0,0,0
TE,O'Shaughnessy.James,0,0,87,0,6
TE,Olsen.Greg,7,0,1,104,0,77
TE,Pantale.Chris,0,0,0,0,0
TE,Parker.Brian,0,0,6,0,1
TE,Pascoe.Bear,0,0,0,0,0
TE,Paul.Niles,0,0,0,0,0
TE,Paulsen.Logan,0,0,0,0,0
TE,Perillo.Justin,1,0,102,0,11
TE,Perkins.Josh,0,0,0,0,0
TE,Peters.John,0,0,0,0,0
TE,Pettigrew.Brandon,1,0,67,0,7
TE,Phillips.John,1,0,69,0,10
TE,Pierce.Casey,0,0,0,0,0
TE,Pitta.Dennis,0,0,0,0,0
TE,Pruitt.MyCole,0,0,89,0,10
TE,Reed.Jordan,11,0,952,0,87
TE,Reeves.David,0,0,0,0,0
TE,Rivera.Mychal,1,0,280,0,32
TE,Rodgers.Richard,8,0,510,0,58
TE,Rudolph.Kyle,5,0,495,0,49
TE,Sandland.Beau,0,0,0,0,0
TE,Saxton.Wes,0,0,0,0,0
TE,Scheu.Steven,0,0,0,0,0
TE,Scruggs.Greg,0,0,0,0,0
TE,Seferian-Jenkins.Austin,4,0,338,0,21
TE,Semisch.Tim,0,0,0,0,0
TE,Shields.Ronnie,0,0,0,0,0
TE,Simonson.Scott,0,0,10,0,1
TE,Sims.Dion,1,0,127,0,18
TE,Sinclair.Gannon,0,0,0,0,0
TE,Smith.Lee,1,0,70,0,12
TE,Sommers.Joe,0,0,0,0,0
TE,Sterling.Neal,0,0,0,0,0
TE,Stevens.Craig,2,0,121,0,12
TE,Stocker.Luke,1,0,61,0,9
TE,Stoneburner.Jake,2,0,47,0,5
TE,Sudfeld.Zach,0,0,0,0,0
TE,Supernaw.Phillip,0,0,32,0,3
TE,Swaim.Geoff,0,0,0,0,1
TE,Swoope.Erik,0,0,0,0,0
TE,Tamme.Jacob,1,0,657,0,59
TE,Telfer.Randall,0,0,0,0,0
TE,Thomas.Julius,5,0,455,0,46
TE,Tialavea.D.J.,0,0,0,0,0
TE,Toilolo.Levine,0,0,44,0,7
TE,Tomlinson.Eric,0,0,0,0,0
TE,Travis.Ross,0,0,0,0,0
TE,Traylor.Austin,0,0,0,0,0
TE,Tye.Will,3,0,464,0,42
TE,Underwood.Colton,0,0,0,0,0
TE,Uzomah.C.J.,0,0,4,0,1
TE,Valles.Hakeem,0,0,0,0,0
TE,VanderLaan.Jason,0,0,0,0,0
TE,Vannett.Nick,0,0,0,0,0
TE,Vitale.Dan,0,0,0,0,0
TE,Walford.Clive,3,0,329,0,28
TE,Walker.Delanie,6,0,1,088,0,94
TE,Waller.Darren,0,0,18,0,2
TE,Watson.Benjamin,6,0,825,0,74
TE,Weiser.Matt,0,0,0,0,0
TE,Westbrook.Tevin,0,0,0,0,0
TE,Wick.Cole,0,0,0,0,0
TE,Williams.Brandon,0,0,0,0,0
TE,Williams.Bryce,0,0,0,0,0
TE,Williams.Maxx,1,0,268,0,32
TE,Williams.Michael,0,0,26,0,3
TE,Willson.Luke,1,0,213,0,17
TE,Witten.Jason,3,0,713,0,77
TE,Wright.Timothy,2,0,77,0,9
OL,Aboushi.Oday,0,0,0,0,0
OL,Adams.Jeff,0,0,0,0,0
OL,Ahmed.Shahbaz,0,0,0,0,0
OL,Albert.Branden,0,0,0,0,0
OL,Alexander.Vadal,0,0,0,0,0
OL,Allen.Jack,0,0,0,0,0
OL,Allen.Jeff,0,0,0,0,0
OL,Allen.Josh,0,0,0,0,0
OL,Andrews.David,0,0,0,0,0
OL,Andrews.Josh,0,0,0,0,0
OL,Arkin.David,0,0,0,0,0
OL,Armstead.Terron,0,0,0,0,0
OL,Bailey.Alvin,0,0,0,0,0
OL,Bakhtiari.David,0,0,0,0,0
OL,Balducci.Alex,0,0,0,0,0
OL,Baldwin.Darryl,0,0,0,0,0
OL,Barbre.Allen,0,0,0,0,0
OL,Barclay.Don,0,0,0,0,0
OL,Barker.Chris,0,0,0,0,0
OL,Barksdale.Joe,0,0,0,0,0
OL,Barnes.Tim,0,0,0,0,0
OL,Barton.Karim,0,0,0,0,0
OL,Battle.Isaiah,0,0,0,0,0
OL,Beachum.Kelvin,0,0,0,0,0
OL,Beadles.Zane,0,0,0,0,0
OL,Beavers.Willie,0,0,0,0,0
OL,Becton.Nick,0,0,0,0,0
OL,Bell.Byron,0,0,0,0,0
OL,Bell.Mitchell,0,0,0,0,0
OL,Bellard.Adrian,0,0,0,0,0
OL,Benenoch.Caleb,0,0,0,0,0
OL,Berger.Joe,0,0,0,0,0
OL,Bergstrom.Tony,0,0,0,0,0
OL,Bernadeau.Mackenzy,0,0,0,0,0
OL,Bernstein.Jake,0,0,0,0,0
OL,Bitonio.Joel,0,0,0,0,0
OL,Blythe.Austin,0,0,0,0,0
OL,Bodine.Russell,0,0,0,0,0
OL,Boehm.Evan,0,0,0,0,0
OL,Boffeli.Conor,0,0,0,0,0
OL,Boggs.Taylor,0,0,0,0,0
OL,Boling.Clint,0,0,0,0,0
OL,Bond.Al,0,0,0,0,0
OL,Boone.Alex,0,0,0,0,0
OL,Booth.Cody,0,0,0,0,0
OL,Bowanko.Luke,0,0,0,0,0
OL,Bowen.Kevin,0,0,0,0,0
OL,Bowie.Michael,0,0,0,0,0
OL,Boyko.Brett,0,0,0,0,0
OL,Bradfield.Cameron,0,0,0,0,0
OL,Brendel.Jake,0,0,0,0,0
OL,Brenner.Sam,0,0,0,0,0
OL,Brewer.Aaron,0,0,0,0,0
OL,Brinkley.Beau,0,0,0,0,0
OL,Britt.Justin,0,0,0,0,0
OL,Brooks.Brandon,0,0,0,0,0
OL,Brown.Duane,0,0,0,0,0
OL,Brown.Jamon,0,0,0,0,0
OL,Brown.Trent,0,0,0,0,0
OL,Broxton.Jarell,0,0,0,0,0
OL,Bulaga.Bryan,0,0,0,0,0
OL,Bunche.Malcolm,0,0,0,0,0
OL,Burbank.Ross,0,0,0,0,0
OL,Burwell.Tyreek,0,0,0,0,0
OL,Bushrod.Jermon,0,0,0,0,0
OL,Bykowski.Carter,0,0,0,0,0
OL,Cage.Isiah,0,0,0,0,0
OL,Campbell.William,0,0,0,0,0
OL,Canaday.Kameron,0,0,0,0,0
OL,Cann.A.J.,0,0,0,0,0
OL,Cannon.Marcus,0,0,0,0,0
OL,Cardona.Joe,0,0,0,0,0
OL,Carlson.Samuel,0,0,0,0,0
OL,Carpenter.James,0,0,0,0,0
OL,Carter.Ruben,0,0,0,0,0
OL,Castonzo.Anthony,0,0,0,0,0
OL,Cheek.Joseph,0,0,0,0,0
OL,Cherilus.Gosder,0,0,0,0,0
OL,Chester.Chris,0,0,0,0,0
OL,Clady.Ryan,0,0,0,0,0
OL,Clark.Chris,0,0,0,0,0
OL,Clark.Donavon,0,0,0,0,0
OL,Clark.Le'Raven,0,0,0,0,0
OL,Clausell.Blaine,0,0,0,0,0
OL,Cleary.Emmett,0,0,0,0,0
OL,Clemmings.T.J.,0,0,0,0,0
OL,Cofield.Takoby,0,0,0,0,0
OL,Coleman.Shon,0,0,0,0,0
OL,Collins.La'el,0,0,0,0,0
OL,Compton.Tom,0,0,0,0,0
OL,Condo.Jon,0,0,0,0,0
OL,Conklin.Jack,0,0,0,0,0
OL,Cooper.Alex,0,0,0,0,0
OL,Cooper.Fahn,0,0,0,0,0
OL,Cooper.Jonathan,0,0,0,0,0
OL,Cox.Morgan,0,0,0,0,0
OL,Crisp.Rob,0,0,0,0,0
OL,Dahl.Joe,0,0,0,0,0
OL,Davis.Jesse,0,0,0,0,0
OL,Day.Dillon,0,0,0,0,0
OL,DeBord.Clay,0,0,0,0,0
OL,DeCastro.David,0,0,0,0,0
OL,DeOssie.Zak,0,0,0,0,0
OL,DePalma.John,0,0,0,0,0
OL,DePaola.Andrew,0,0,0,0,0
OL,Decker.Taylor,0,0,0,0,0
OL,Denney.John,0,0,0,0,0
OL,Devey.Jordan,0,0,0,0,0
OL,DiSalvo.Ryan,0,0,0,0,0
OL,Dillon.Danny,0,0,0,0,0
OL,Dismukes.Reese,0,0,0,0,0
OL,Donnal.Andrew,0,0,0,0,0
OL,Dooley.Matt,0,0,0,0,0
OL,Dorenbos.Jon,0,0,0,0,0
OL,Dotson.Demar,0,0,0,0,0
OL,Douglas.Jamil,0,0,0,0,0
OL,Dozier.Dakota,0,0,0,0,0
OL,Drango.Spencer,0,0,0,0,0
OL,Drescher.Justin,0,0,0,0,0
OL,Ducasse.Vladimir,0,0,0,0,0
OL,Dunlap.King,0,0,0,0,0
OL,Duvernay-Tardif.Laurent,0,0,0,0,0
OL,East.Andrew,0,0,0,0,0
OL,Easton.Nick,0,0,0,0,0
OL,Edison.Cornelius,0,0,0,0,0
OL,Edwards.Kadeem,0,0,0,0,0
OL,Ehinger.Parker,0,0,0,0,0
OL,Epps.Aaron,0,0,0,0,0
OL,Erving.Cameron,0,0,0,0,0
OL,Eulls.Kaleb,0,0,0,0,0
OL,Fabiano.Anthony,0,0,0,0,0
OL,Faciane.Isame,0,0,0,0,0
OL,Fallin.Taylor,0,0,0,0,0
OL,Fant.George,0,0,0,0,0
OL,Farrell.Dillon,0,0,0,0,0
OL,Farris.Chase,0,0,0,0,0
OL,Feigt.Curtis,0,0,0,0,0
OL,Feiler.Matt,0,0,0,0,0
OL,Feliciano.Jon,0,0,0,0,0
OL,Ferentz.James,0,0,0,0,0
OL,Ferguson.Reid,0,0,0,0,0
OL,Ferris.Drew,0,0,0,0,0
OL,Finney.B.J.,0,0,0,0,0
OL,Fisher.Eric,0,0,0,0,0
OL,Fisher.Jake,0,0,0,0,0
OL,Fleming.Cameron,0,0,0,0,0
OL,Flores.Jacob,0,0,0,0,0
OL,Flowers.Ereck,0,0,0,0,0
OL,Fluker.D.J.,0,0,0,0,0
OL,Folkerts.Brian,0,0,0,0,0
OL,Foster.Ramon,0,0,0,0,0
OL,Foucault.David,0,0,0,0,0
OL,Fragel.Reid,0,0,0,0,0
OL,France.Dan,0,0,0,0,0
OL,Franklin.Orlando,0,0,0,0,0
OL,Frederick.Travis,0,0,0,0,0
OL,Free.Doug,0,0,0,0,0
OL,Freeman.Dalton,0,0,0,0,0
OL,Frese.Nolan,0,0,0,0,0
OL,Friend.Kyle,0,0,0,0,0
OL,Fulton.Zach,0,0,0,0,0
OL,Fusco.Brandon,0,0,0,0,0
OL,Gallik.Andy,0,0,0,0,0
OL,Garcia.Max,0,0,0,0,0
OL,Gardner.Andrew,0,0,0,0,0
OL,Garland.Ben,0,0,0,0,0
OL,Garnett.Joshua,0,0,0,0,0
OL,Gerhart.Garth,0,0,0,0,0
OL,Gettis.Adam,0,0,0,0,0
OL,Giacomini.Breno,0,0,0,0,0
OL,Gibson.Laurence,0,0,0,0,0
OL,Gilbert.Marcus,0,0,0,0,0
OL,Gilkey.Garrett,0,0,0,0,0
OL,Gilliam.Garry,0,0,0,0,0
OL,Glasgow.Graham,0,0,0,0,0
OL,Glenn.Cordy,0,0,0,0,0
OL,Glowinski.Mark,0,0,0,0,0
OL,Good.Denzelle,0,0,0,0,0
OL,Gordon.Dillon,0,0,0,0,0
OL,Gottschalk.Ben,0,0,0,0,0
OL,Gradkowski.Gino,0,0,0,0,0
OL,Graf.Kevin,0,0,0,0,0
OL,Grasu.Hroniss,0,0,0,0,0
OL,Greco.John,0,0,0,0,0
OL,Green.Chaz,0,0,0,0,0
OL,Greene.Darrell,0,0,0,0,0
OL,Groy.Ryan,0,0,0,0,0
OL,Haeg.Joe,0,0,0,0,0
OL,Hairston.Chris,0,0,0,0,0
OL,Halapio.Jon,0,0,0,0,0
OL,Hale.Joel,0,0,0,0,0
OL,Hanson.Lars,0,0,0,0,0
OL,Harris.Bryce,0,0,0,0,0
OL,Harris.Clark,0,0,0,0,0
OL,Harris.Josh,0,0,0,0,0
OL,Harris.Michael,0,0,0,0,0
OL,Harris.Ryan,0,0,0,0,0
OL,Harrison.Jarvis,0,0,0,0,0
OL,Harrison.Jonotthan,0,0,0,0,0
OL,Hart.Bobby,0,0,0,0,0
OL,Havenstein.Rob,0,0,0,0,0
OL,Hawkins.Donald,0,0,0,0,0
OL,Hawkins.Jerald,0,0,0,0,0
OL,Hawley.Joe,0,0,0,0,0
OL,Henderson.Seantrel,0,0,0,0,0
OL,Henry.Marcus,0,0,0,0,0
OL,Hickey.Sean,0,0,0,0,0
OL,Hill.Rashod,0,0,0,0,0
OL,Hopkins.Trey,0,0,0,0,0
OL,Howard.Austin,0,0,0,0,0
OL,Hubbard.Chris,0,0,0,0,0
OL,Hudson.Rodney,0,0,0,0,0
OL,Huey.Michael,0,0,0,0,0
OL,Hughlett.Charley,0,0,0,0,0
OL,Humphries.D.J.,0,0,0,0,0
OL,Hunt.Joey,0,0,0,0,0
OL,Hurst.James,0,0,0,0,0
OL,Ifedi.Germain,0,0,0,0,0
OL,Ijalana.Ben,0,0,0,0,0
OL,Ikard.Gabe,0,0,0,0,0
OL,Incognito.Richie,0,0,0,0,0
OL,Iupati.Mike,0,0,0,0,0
OL,Jackson.Gabe,0,0,0,0,0
OL,Jackson.Tre,0,0,0,0,0
OL,James.Ja'Wuan,0,0,0,0,0
OL,James.Josh,0,0,0,0,0
OL,Jansen.J.J.,0,0,0,0,0
OL,Jefferson.Cameron,0,0,0,0,0
OL,Jensen.Ryan,0,0,0,0,0
OL,Jerry.John,0,0,0,0,0
OL,Joeckel.Luke,0,0,0,0,0
OL,John.Ulrick,0,0,0,0,0
OL,Johnson.T.J.,0,0,0,0,0
OL,Johnson.Bruce,0,0,0,0,0
OL,Johnson.Lane,0,0,0,0,0
OL,Johnson.Kaleb,0,0,0,0,0
OL,Johnson.Kelby,0,0,0,0,0
OL,Johnson.Wesley,0,0,0,0,0
OL,Johnstone.Tyler,0,0,0,0,0
OL,Jones.Barrett,0,0,0,0,0
OL,Jones.Ben,0,0,0,0,0
OL,Jones.Brett,0,0,0,0,0
OL,Kalil.Matt,0,0,0,0,0
OL,Kalil.Ryan,0,0,0,0,0
OL,Karras.Ted,0,0,0,0,0
OL,Kasitati.Nila,0,0,0,0,0
OL,Kelce.Jason,0,0,0,0,0
OL,Kelemete.Senio,0,0,0,0,0
OL,Kelly.Colin,0,0,0,0,0
OL,Kelly.Dennis,0,0,0,0,0
OL,Kelly.Ryan,0,0,0,0,0
OL,Kerin.Zac,0,0,0,0,0
OL,Kilgore.Daniel,0,0,0,0,0
OL,Kirkland.Denver,0,0,0,0,0
OL,Kline.Josh,0,0,0,0,0
OL,Kling.John,0,0,0,0,0
OL,Kouandjio.Arie,0,0,0,0,0
OL,Kouandjio.Cyrus,0,0,0,0,0
OL,Kreiter.Casey,0,0,0,0,0
OL,Kugler.Robert,0,0,0,0,0
OL,Kush.Eric,0,0,0,0,0
OL,LaDouceur.L.P.,0,0,0,0,0
OL,Ladson.Erle,0,0,0,0,0
OL,Lalk.Jamison,0,0,0,0,0
OL,Lamm.Kendall,0,0,0,0,0
OL,Landes.Jimmy,0,0,0,0,0
OL,Lang.T.J.,0,0,0,0,0
OL,Larsen.Ted,0,0,0,0,0
OL,Larsen.Tyler,0,0,0,0,0
OL,Lauvao.Shawn,0,0,0,0,0
OL,LeRibeus.Josh,0,0,0,0,0
OL,Leary.Ronald,0,0,0,0,0
OL,Lelito.Tim,0,0,0,0,0
OL,Lemon.Cyril,0,0,0,0,0
OL,Leno.Charles,0,0,0,0,0
OL,Levitre.Andy,0,0,0,0,0
OL,Lewan.Taylor,0,0,0,0,0
OL,Lewis.Alex,0,0,0,0,0
OL,Lewis.Patrick,0,0,0,0,0
OL,Lichtensteiger.Kory,0,0,0,0,0
OL,Liedtke.Michael,0,0,0,0,0
OL,Linder.Brandon,0,0,0,0,0
OL,Linkenbach.Jeffrey,0,0,0,0,0
OL,Linsley.Corey,0,0,0,0,0
OL,Long.Kyle,0,0,0,0,0
OL,Long.Spencer,0,0,0,0,0
OL,Looney.Joe,0,0,0,0,0
OL,Lovato.Rick,0,0,0,0,0
OL,Lucas.Cornelius,0,0,0,0,0
OL,Lucas.Marquis,0,0,0,0,0
OL,Mack.Alex,0,0,0,0,0
OL,Mack.Ryan,0,0,0,0,0
OL,Maiava.Lene,0,0,0,0,0
OL,Mancz.Greg,0,0,0,0,0
OL,Mangold.Nick,0,0,0,0,0
OL,Manhart.Cole,0,0,0,0,0
OL,Marpet.Ali,0,0,0,0,0
OL,Marquardt.Luke,0,0,0,0,0
OL,Martin.Chris,0,0,0,0,0
OL,Martin.Marcus,0,0,0,0,0
OL,Martin.Nick,0,0,0,0,0
OL,Martin.Zack,0,0,0,0,0
OL,Marz.Tyler,0,0,0,0,0
OL,Masifilo.Matthew,0,0,0,0,0
OL,Mason.Shaq,0,0,0,0,0
OL,Massie.Bobby,0,0,0,0,0
OL,Mathews.Ryker,0,0,0,0,0
OL,Mathis.Evan,0,0,0,0,0
OL,Matias.Josue,0,0,0,0,0
OL,Matthews.Jake,0,0,0,0,0
OL,Matthews.Mike,0,0,0,0,0
OL,Mayweather.Garrick,0,0,0,0,0
OL,McCants.Matt,0,0,0,0,0
OL,McClain.Antoine,0,0,0,0,0
OL,McClendon.Jacques,0,0,0,0,0
OL,McDermott.Kevin,0,0,0,0,0
OL,McDermott.Shane,0,0,0,0,0
OL,McDonald.Andrew,0,0,0,0,0
OL,McGovern.Connor,0,0,0,0,0
OL,McQuaide.Jake,0,0,0,0,0
OL,McQueen.Mike,0,0,0,0,0
OL,Mewhort.Jack,0,0,0,0,0
OL,Mihalik.Brian,0,0,0,0,0
OL,Miller.John,0,0,0,0,0
OL,Mills.Jordan,0,0,0,0,0
OL,Milton.Keavon,0,0,0,0,0
OL,Morse.Mitch,0,0,0,0,0
OL,Moses.Morgan,0,0,0,0,0
OL,Muhlbach.Don,0,0,0,0,0
OL,Muir.Blake,0,0,0,0,0
OL,Munyer.Daniel,0,0,0,0,0
OL,Murphy.Pace,0,0,0,0,0
OL,Murphy.Kyle,0,0,0,0,0
OL,Murray.Justin,0,0,0,0,0
OL,Myers.Robert,0,0,0,0,0
OL,Neary.Aaron,0,0,0,0,0
OL,Nelson.Kyle,0,0,0,0,0
OL,Nembot.Stephane,0,0,0,0,0
OL,Newhouse.Marshall,0,0,0,0,0
OL,Newton.Derek,0,0,0,0,0
OL,Norwell.Andrew,0,0,0,0,0
OL,Nowak.Drew,0,0,0,0,0
OL,Nsekhe.Ty,0,0,0,0,0
OL,O'Brien.Kitt,0,0,0,0,0
OL,Odhiambo.Rees,0,0,0,0,0
OL,Ogbuehi.Cedric,0,0,0,0,0
OL,Oher.Michael,0,0,0,0,0
OL,Okung.Russell,0,0,0,0,0
OL,Ola.Michael,0,0,0,0,0
OL,Omameh.Patrick,0,0,0,0,0
OL,Omoile.Oni,0,0,0,0,0
OL,Osemele.Kelechi,0,0,0,0,0
OL,Ott.Tyler,0,0,0,0,0
OL,Overbaugh.Jeff,0,0,0,0,0
OL,Overton.Matt,0,0,0,0,0
OL,Painter.Vinston,0,0,0,0,0
OL,Pamphile.Kevin,0,0,0,0,0
OL,Paradis.Matt,0,0,0,0,0
OL,Parnell.Jermey,0,0,0,0,0
OL,Pasztor.Austin,0,0,0,0,0
OL,Patrick.Lucas,0,0,0,0,0
OL,Pears.Erik,0,0,0,0,0
OL,Peat.Andrus,0,0,0,0,0
OL,Penn.Donald,0,0,0,0,0
OL,Pericak.Will,0,0,0,0,0
OL,Person.Mike,0,0,0,0,0
OL,Peters.Jason,0,0,0,0,0
OL,Pierre.Olsen,0,0,0,0,0
OL,Poehls.William,0,0,0,0,0
OL,Poole.Terry,0,0,0,0,0
OL,Pouncey.Mike,0,0,0,0,0
OL,Pouncey.Maurkice,0,0,0,0,0
OL,Poutasi.Jeremiah,0,0,0,0,0
OL,Price.Norman,0,0,0,0,0
OL,Pugh.Justin,0,0,0,0,0
OL,Pughsley.Jarrod,0,0,0,0,0
OL,Pulley.Spencer,0,0,0,0,0
OL,Purdum.Tanner,0,0,0,0,0
OL,Quessenberry.David,0,0,0,0,0
OL,Qvale.Brent,0,0,0,0,0
OL,Rahrig.Collin,0,0,0,0,0
OL,Redmond.Adam,0,0,0,0,0
OL,Redmond.Alex,0,0,0,0,0
OL,Reed.Christopher,0,0,0,0,0
OL,Reed.Jake,0,0,0,0,0
OL,Reid.Jah,0,0,0,0,0
OL,Reiff.Riley,0,0,0,0,0
OL,Reiter.Austin,0,0,0,0,0
OL,Reitz.Joe,0,0,0,0,0
OL,Remmers.Mike,0,0,0,0,0
OL,Renfrow.Justin,0,0,0,0,0
OL,Reynolds.Garrett,0,0,0,0,0
OL,Rhaney.Demetrius,0,0,0,0,0
OL,Richardson.Cyril,0,0,0,0,0
OL,Richburg.Weston,0,0,0,0,0
OL,Rigsbee.Jordan,0,0,0,0,0
OL,Ritcher.Nick,0,0,0,0,0
OL,Roberts.Kyle,0,0,0,0,0
OL,Robinson.Corey,0,0,0,0,0
OL,Robinson.Greg,0,0,0,0,0
OL,Robinson.Trevor,0,0,0,0,0
OL,Rodgers.Jake,0,0,0,0,0
OL,Rotheram.Matt,0,0,0,0,0
OL,Saffold.Rodger,0,0,0,0,0
OL,Sambrailo.Ty,0,0,0,0,0
OL,Sanborn.Garrison,0,0,0,0,0
OL,Scales.Patrick,0,0,0,0,0
OL,Scherff.Brandon,0,0,0,0,0
OL,Schofield.Michael,0,0,0,0,0
OL,Schooley.Quinton,0,0,0,0,0
OL,Schraeder.Ryan,0,0,0,0,0
OL,Schwartz.Geoff,0,0,0,0,0
OL,Schwartz.Mitchell,0,0,0,0,0
OL,Schweitzer.Wes,0,0,0,0,0
OL,Schwenke.Brian,0,0,0,0,0
OL,Schwenke.Kona,0,0,0,0,0
OL,Scott.Chris,0,0,0,0,0
OL,Seumalo.Isaac,0,0,0,0,0
OL,Seymour.Ryan,0,0,0,0,0
OL,Shatley.Tyler,0,0,0,0,0
OL,Shell.Brandon,0,0,0,0,0
OL,Shepherd.Austin,0,0,0,0,0
OL,Shipley.A.Q.,0,0,0,0,0
OL,Silatolu.Amini,0,0,0,0,0
OL,Silberman.Ian,0,0,0,0,0
OL,Sirles.Jeremiah,0,0,0,0,0
OL,Sitton.Josh,0,0,0,0,0
OL,Skura.Matt,0,0,0,0,0
OL,Slade.Chad,0,0,0,0,0
OL,Slater.Pearce,0,0,0,0,0
OL,Slauson.Matt,0,0,0,0,0
OL,Smith.Andre,0,0,0,0,0
OL,Smith.Donovan,0,0,0,0,0
OL,Smith.Evan,0,0,0,0,0
OL,Smith.Jared,0,0,0,0,0
OL,Smith.Tyron,0,0,0,0,0
OL,Sokoli.Kristjan,0,0,0,0,0
OL,Solder.Nate,0,0,0,0,0
OL,Sowell.Bradley,0,0,0,0,0
OL,Spain.Quinton,0,0,0,0,0
OL,Spriggs.Jason,0,0,0,0,0
OL,Staley.Joe,0,0,0,0,0
OL,Stanley.Ronnie,0,0,0,0,0
OL,Steen.Anthony,0,0,0,0,0
OL,Stephenson.Donald,0,0,0,0,0
OL,Sterup.Zach,0,0,0,0,0
OL,Stingily.Byron,0,0,0,0,0
OL,Stiverson.Boston,0,0,0,0,0
OL,Stork.Bryan,0,0,0,0,0
OL,Strief.Zach,0,0,0,0,0
OL,Su'a-Filo.Xavier,0,0,0,0,0
OL,Sullivan.John,0,0,0,0,0
OL,Sundberg.Nick,0,0,0,0,0
OL,Swanson.Travis,0,0,0,0,0
OL,Sweezy.J.R.,0,0,0,0,0
OL,Swindle.Jordan,0,0,0,0,0
OL,Taylor.Lane,0,0,0,0,0
OL,Teofilo.Vi,0,0,0,0,0
OL,Theus.John,0,0,0,0,0
OL,Thomas.Brandon,0,0,0,0,0
OL,Thomas.Dallas,0,0,0,0,0
OL,Thomas.Joe,0,0,0,0,0
OL,Thompson.Tyrus,0,0,0,0,0
OL,Thornton.Hugh,0,0,0,0,0
OL,Thuney.Joe,0,0,0,0,0
OL,Thurman.Trip,0,0,0,0,0
OL,Tiller.Andrew,0,0,0,0,0
OL,Tinker.Carson,0,0,0,0,0
OL,Tobin.Matt,0,0,0,0,0
OL,Tomlinson.Laken,0,0,0,0,0
OL,Toner.Cole,0,0,0,0,0
OL,Tretola.Sebastian,0,0,0,0,0
OL,Tretter.JC,0,0,0,0,0
OL,Tuerk.Max,0,0,0,0,0
OL,Tunsil.Laremy,0,0,0,0,0
OL,Turner.Landon,0,0,0,0,0
OL,Turner.Trai,0,0,0,0,0
OL,Turner.Billy,0,0,0,0,0
OL,Unger.Max,0,0,0,0,0
OL,Urbik.Kraig,0,0,0,0,0
OL,Urschel.John,0,0,0,0,0
OL,Uzdavinis.Arturo,0,0,0,0,0
OL,Vaitai.Halapoulivaati,0,0,0,0,0
OL,VanDyk.Mitchell,0,0,0,0,0
OL,Vaughn.Terran,0,0,0,0,0
OL,Velasco.Fernando,0,0,0,0,0
OL,Veldheer.Jared,0,0,0,0,0
OL,Villanueva.Alejandro,0,0,0,0,0
OL,Vollmer.Sebastian,0,0,0,0,0
OL,Vujnovich.Jeremy,0,0,0,0,0
OL,Waddle.LaAdrian,0,0,0,0,0
OL,Wagner.Ricky,0,0,0,0,0
OL,Walker.Josh,0,0,0,0,0
OL,Wallace.Cody,0,0,0,0,0
OL,Wallace.Martin,0,0,0,0,0
OL,Warford.Larry,0,0,0,0,0
OL,Warmack.Chance,0,0,0,0,0
OL,Warren.Greg,0,0,0,0,0
OL,Watford.Earl,0,0,0,0,0
OL,Watson.Menelik,0,0,0,0,0
OL,Watt.Chris,0,0,0,0,0
OL,Watts.Craig,0,0,0,0,0
OL,Weaver.Jason,0,0,0,0,0
OL,Webb.J'Marcus,0,0,0,0,0
OL,Weeks.Jon,0,0,0,0,0
OL,Weems.Darrion,0,0,0,0,0
OL,Weidenaar.John,0,0,0,0,0
OL,Wells.Josh,0,0,0,0,0
OL,Wesley.De'Ondre,0,0,0,0,0
OL,Wester.Leonard,0,0,0,0,0
OL,Westerman.Christian,0,0,0,0,0
OL,Wetzel.John,0,0,0,0,0
OL,White.Torian,0,0,0,0,0
OL,Whitehair.Cody,0,0,0,0,0
OL,Whitworth.Andrew,0,0,0,0,0
OL,Wichmann.Cody,0,0,0,0,0
OL,Wiggins.Kenny,0,0,0,0,0
OL,Williams.Darrell,0,0,0,0,0
OL,Williams.Daryl,0,0,0,0,0
OL,Williams.Donovan,0,0,0,0,0
OL,Williams.Trent,0,0,0,0,0
OL,Winchester.James,0,0,0,0,0
OL,Windt.Mike,0,0,0,0,0
OL,Winston.Eric,0,0,0,0,0
OL,Winters.Brian,0,0,0,0,0
OL,Wisniewski.Stefen,0,0,0,0,0
OL,Witzmann.Bryan,0,0,0,0,0
OL,Wood.Eric,0,0,0,0,0
OL,Yanda.Marshal,0,0,0,0,0
OL,Yankey.David,0,0,0,0,0
OL,Young.Avery,0,0,0,0,0
OL,Young.Sam,0,0,0,0,0
OL,Zeitler.Kevin,0,0,0,0,0
OL,Zuttah.Jeremy,0,0,0,0,0