POSITION,NAME,TACKLES,SACKS,FORCEDFUMBLES,INTERCEPTIONS
DL,Abdesmad.Mehdi,0,0,0,0
DL,Addison.Mario,23,6,0,0
DL,Alecxih.Chas,0,0,0,0
DL,Allen.Beau,28,0,0,0
DL,Alualu.Tyson,26,2,0,0
DL,Anderson.Demetris,0,0,0,0
DL,Anderson.Henry,31,1,0,0
DL,Ansah.Ezekiel,47,15,4,0
DL,Anunike.Kenny,1,0,0,0
DL,Armstead.Arik,19,2,0,0
DL,Ash.Richard,0,0,0,0
DL,Atkins.Geno,42,11,1,0
DL,Autry.Denico,22,3,0,0
DL,Avril.Cliff,47,9,2,0
DL,Babineaux.Jonathan,30,2,1,1
DL,Bailey.Allen,38,5,2,0
DL,Bailey.Sterling,0,0,0,0
DL,Baker.Chris,53,6,3,0
DL,Barnes.T.J.,4,0,0,0
DL,Barnes.Tavaris,5,0,0,0
DL,Barney.Tarow,0,0,0,0
DL,Bars.Brad,2,0,0,0
DL,Bennett.Michael,10,1,0,0
DL,Bennett.Michael,52,10,2,0
DL,Billings.Andrew,0,0,0,0
DL,Blackson.Angelo,15,3,1,0
DL,Blair.Ronald,0,0,0,0
DL,Bosa.Joey,0,0,0,0
DL,Branch.Alan,35,1,2,0
DL,Branch.Andre,24,4,2,0
DL,Britz.Travis,0,0,0,0
DL,Brockers.Michael,44,3,0,0
DL,Bromley.Jay,36,0,0,0
DL,Brown.Kourtnei,2,0,0,0
DL,Brown.Malcom,48,3,0,0
DL,Brown.Ryan,0,0,0,0
DL,Browner.Keith,0,0,0,0
DL,Bryant.Brandin,0,0,0,0
DL,Bryant.Corbin,45,0,0,0
DL,Bryant.Desmond,33,6,1,0
DL,Bryant.Red,5,0,0,0
DL,Buckner.DeForest,0,0,0,0
DL,Bullard.Jonathan,0,0,0,0
DL,Butler.Vernon,0,0,0,0
DL,Campbell.Calais,61,5,0,0
DL,Capi.Nordly,0,0,0,0
DL,Carradine.Tank,22,1,1,0
DL,Carrethers.Ryan,24,0,0,0
DL,Casey.Jurrell,54,7,0,0
DL,Catapano.Mike,3,1,0,0
DL,Charles.Stefan,13,1,1,0
DL,Cherry.Demetrius,0,0,0,0
DL,Clark.Frank,16,3,1,0
DL,Clark.Kenny,0,0,0,0
DL,Clarke.Will,4,1,0,0
DL,Clayborn.Adrian,15,3,0,0
DL,Clemons.Chris,14,3,1,0
DL,Cockran.Theiren,0,0,0,0
DL,Coe.Rodney,0,0,0,0
DL,Coleman.Deandre,4,0,0,0
DL,Coley.Trevon,0,0,0,0
DL,Collins.Maliek,0,0,0,0
DL,Cooper.Xavier,19,2,0,0
DL,Copeland.Brandon,14,1,0,0
DL,Coples.Quinton,8,0,0,0
DL,Covington.Christian,8,2,0,0
DL,Cowser.James,0,0,0,0
DL,Cox.Fletcher,71,10,3,0
DL,Cox.Rakim,0,0,0,0
DL,Crawford.Corey,0,0,0,0
DL,Crawford.Jack,21,4,0,0
DL,Crawford.Tyrone,35,5,0,0
DL,Crichton.Scott,8,0,0,0
DL,Crick.Jared,48,2,1,0
DL,Crume.Eric,0,0,0,0
DL,Curry.Vinny,12,4,0,0
DL,Daniels.Mike,49,4,1,1
DL,Dareus.Marcell,51,2,0,0
DL,Davis.Carl,11,0,0,0
DL,Davis.Dominique,0,0,0,0
DL,Davis.Ryan,11,4,1,0
DL,Davison.Tyeler,18,2,0,0
DL,Day.Sheldon,0,0,0,0
DL,Dean.David,0,0,0,0
DL,Delaire.Ryan,8,3,0,0
DL,Dial.Quinton,59,3,0,0
DL,Donald.Aaron,69,11,0,0
DL,Dorsey.Glenn,18,0,0,0
DL,Douzable.Leger,14,0,0,0
DL,Dunlap.Carlos,55,14,2,0
DL,Dunn.Brandon,9,0,0,0
DL,Ealy.Kony,32,5,3,0
DL,Easley.Dominique,15,2,0,0
DL,Edwards.Lavar,0,0,0,0
DL,Edwards.Mario,42,2,3,0
DL,Ellis.Justin,22,0,0,0
DL,Ellis.Kenrick,5,0,0,0
DL,Enemkpali.IK,13,0,0,0
DL,Fairley.Nick,29,1,0,0
DL,Fede.Terrence,16,0,0,0
DL,Ferguson.Ego,3,0,0,0
DL,Flowers.Trey,0,0,0,0
DL,Floyd.Sharrif,34,3,0,0
DL,Fowler.Dante,0,0,0,0
DL,Fox.Morgan,0,0,0,0
DL,Francis.A.J.,2,0,0,0
DL,Gangwish.Jack,0,0,0,0
DL,Gholston.William,67,3,1,0
DL,Gibson.Deonte,0,0,0,0
DL,Gilberry.Wallace,23,2,1,0
DL,Goldman.Eddie,22,5,0,0
DL,Golston.Kedric,10,0,0,0
DL,Goodman.Malliciah,3,0,0,0
DL,Gotsis.Adam,0,0,0,0
DL,Gregory.Randy,11,0,0,0
DL,Griffen.Everson,44,11,1,0
DL,Guion.Letroy,21,0,0,0
DL,Gunter.Rodney,19,1,0,0
DL,Guy.Lawrence,46,5,0,0
DL,Gwacham.Obum,8,3,1,0
DL,Hageman.Ra'Shede,27,1,0,0
DL,Hamilton.Justin,0,0,0,0
DL,Hamilton.Woodrow,0,0,0,0
DL,Hankins.Johnathan,30,0,1,0
DL,Hardison.Marcus,0,0,0,0
DL,Hargrave.Javon,0,0,0,0
DL,Harris.Shelby,12,1,0,0
DL,Harrison.Damon,72,1,1,0
DL,Hart.Taylor,27,0,0,0
DL,Hayden.Nick,48,0,0,0
DL,Hayes.William,53,6,2,0
DL,Heath.Joel,0,0,0,0
DL,Henry.Willie,0,0,0,0
DL,Heurtelou.Calvin,0,0,0,0
DL,Heyward.Cameron,54,7,1,0
DL,Hicks.Akiem,23,3,0,0
DL,Hill.Jordan,24,0,0,0
DL,Holmes.Tyrone,0,0,0,0
DL,Hood.Ziggy,0,0,0,0
DL,Hooks.Lavon,0,0,0,0
DL,Horton.Wes,7,1,0,0
DL,Howard.Jaye,57,6,1,0
DL,Howard.Ra'Zahn,0,0,0,0
DL,Hughes.Jerry,52,5,2,0
DL,Hughes.John,24,2,1,0
DL,Hughes.Montori,6,0,0,0
DL,Huguenin.Farrington,0,0,0,0
DL,Hunt.Margus,2,0,0,0
DL,Hunter.Danielle,33,6,1,0
DL,Hyder.Kerry,0,0,0,0
DL,Iddings.Drew,0,0,0,0
DL,Ioannidis.Matthew,0,0,0,0
DL,Irving.David,13,1,0,0
DL,Jackson.Tyson,31,0,0,0
DL,Jackson.Branden,0,0,0,0
DL,Jackson.Malik,45,5,0,0
DL,Jackson.Marquis,0,0,0,0
DL,Jarrett.Grady,24,1,0,0
DL,JeanFrancois.Ricky,25,2,0,0
DL,Jefferson.Quinton,0,0,0,0
DL,Jenkins.Jarvis,32,4,0,0
DL,Jenkins.John,49,1,1,0
DL,Jenkins.Shaneil,0,0,0,0
DL,Jernigan.Timmy,37,4,0,0
DL,Jerod-Eddie.Tony,14,0,0,0
DL,Johnson.Anthony,0,0,0,0
DL,Johnson.Austin,0,0,0,0
DL,Johnson.Charles,12,1,0,0
DL,Johnson.Cory,0,0,0,0
DL,Johnson.George,23,0,2,0
DL,Johnson.Michael,42,5,3,0
DL,Johnson.Toby,0,0,0,0
DL,Johnson.Tom,36,6,0,0
DL,Jones.Abry,17,2,1,0
DL,Jones.Arthur,0,0,0,0
DL,Jones.Chris,0,0,0,0
DL,Jones.Chris,0,0,0,0
DL,Jones.DaQuan,45,0,0,0
DL,Jones.Datone,20,3,0,0
DL,Jones.Howard,14,5,1,0
DL,Jones.Jason,31,5,1,0
DL,Jordan.Cameron,45,10,1,0
DL,Jordan.Dion,0,0,0,0
DL,Joseph.Linval,56,1,1,0
DL,Kamalu.Ufomba,0,0,0,0
DL,Kaufusi.Bronson,0,0,0,0
DL,Kearse.Frank,4,1,0,0
DL,Kerr.Zach,29,0,0,0
DL,Kilgo.Darius,6,0,0,0
DL,King.David,3,1,0,0
DL,Klug.Karl,20,4,1,0
DL,Knighton.Terrance,29,2,0,0
DL,Kuder.Tyler,0,0,0,0
DL,Kuhn.Markus,20,1,0,0
DL,Laing.Cleyon,0,0,0,0
DL,Lake.Darren,0,0,0,0
DL,Lambert.Davonte,0,0,0,0
DL,Langford.Kendall,38,7,0,0
DL,Lanier.Anthony,0,0,0,0
DL,Latham.Darius,0,0,0,0
DL,Lathan.Terrell,0,0,0,0
DL,Lawrence.Demarcus,55,8,1,0
DL,Lawrence-Stample.Nile,0,0,0,0
DL,Lawson.Shaq,0,0,0,0
DL,Lewis.Melvin,0,0,0,0
DL,Lewis-Moore.Kapron,3,0,0,0
DL,Lissemore.Sean,16,0,0,0
DL,Liuget.Corey,34,3,0,0
DL,Loewen.Mitchell,0,0,0,0
DL,Logan.Bennie,55,1,0,0
DL,Long.Chris,19,3,1,0
DL,Longacre.Matt,11,0,0,0
DL,Lotulelei.Star,22,1,1,0
DL,Love.Kyle,19,3,0,0
DL,Lowry.Dean,0,0,0,0
DL,Lumpkin.Ricky,0,0,0,0
DL,Lyons.Caushaud,0,0,0,0
DL,Mabry.Ashaad,0,0,0,0
DL,Mack.Khalil,77,15,2,0
DL,Maponga.Stansly,0,0,0,0
DL,Marks.Sen'Derrick,6,0,0,0
DL,Marsh.Cassius,28,0,0,0
DL,Martin.Mike,3,0,0,0
DL,Mathews.Ricardo,22,1,0,0
DL,Matthews.Cliff,0,0,0,0
DL,Matungulu.Helva,0,0,0,0
DL,Mauro.Josh,16,1,2,0
DL,Maxey.Johnny,0,0,0,0
DL,Mayes.Chris,0,0,0,0
DL,Mayowa.Benson,16,1,1,0
DL,Mbu.Joey,4,0,0,0
DL,McAdoo.Mike,0,0,0,0
DL,McCain.Chris,2,1,1,0
DL,McCalister.Alex,0,0,0,0
DL,McClain.Terrell,2,0,0,0
DL,McCoy.Gerald,34,9,0,0
DL,McCullers-Sanders.Dan,8,1,0,0
DL,McDonald.Clinton,31,0,0,0
DL,McGee.Stacy,22,0,0,0
DL,McGill.T.Y.,11,3,0,0
DL,McLendon.Steve,14,1,0,0
DL,Means.Steven,0,0,0,0
DL,Mebane.Brandon,24,2,0,0
DL,Meder.Jamie,33,1,0,0
DL,Miley.Arthur,0,0,0,0
DL,Milhouse.Greg,0,0,0,0
DL,Miller.Roy,40,4,1,0
DL,Mitchell.Earl,22,0,0,0
DL,Moala.David,0,0,0,0
DL,Moore.Damontre,27,4,1,0
DL,Moore.Zach,0,0,0,0
DL,Murphy.Trent,33,4,1,0
DL,Nassib.Carl,0,0,0,0
DL,Ndulue.Chuka,0,0,0,0
DL,Newberry.Giorgio,0,0,0,0
DL,Ngakoue.Yannick,0,0,0,0
DL,Ngata.Haloti,24,3,0,0
DL,Ninkovich.Rob,52,7,1,0
DL,Nix.Louis,0,0,0,0
DL,Nkemdiche.Robert,0,0,0,0
DL,Nunez-Roches.Rakeem,4,0,0,0
DL,Obada.Efe,0,0,0,0
DL,Obioha.Julien,0,0,0,0
DL,Odighizuwa.Owa,3,0,0,0
DL,Odrick.Jared,29,6,1,0
DL,Ogbah.Emmanuel,0,0,0,0
DL,Okoye.Lawrence,0,0,0,0
DL,Okwara.Romeo,0,0,0,0
DL,Onyemata.David,0,0,0,0
DL,Orr.Leon,2,0,0,0
DL,Overton.Montese,0,0,0,0
DL,Paea.Stephen,19,2,1,0
DL,Pagan.Jeoffrey,1,0,0,0
DL,Palepoi.Tenny,0,0,0,0
DL,Palmer.Louis,0,0,0,0
DL,Parry.David,31,1,0,0
DL,Peko.Domata,35,5,0,0
DL,Peko.Kyle,0,0,0,0
DL,Pelon.Claude,0,0,0,0
DL,Pennel.Mike,25,1,1,0
DL,Perine.Denzell,0,0,0,0
DL,Perkins.David,0,0,0,0
DL,Peters.Corey,0,0,0,0
DL,Pettinato.Dan,0,0,0,0
DL,Pettway.D.J.,0,0,0,0
DL,Phillips.Jordan,19,2,0,0
DL,Philon.Darius,5,0,0,0
DL,Philon.Roy,0,0,0,0
DL,Pierce.Michael,0,0,0,0
DL,Pierre-Paul.Jason,26,1,0,0
DL,Pitoitua.Ropati,3,0,1,0
DL,Poe.Dontari,39,1,1,0
DL,Powe.Jerrell,0,0,0,0
DL,Price.Brian,0,0,0,0
DL,Price.Givens,0,0,0,0
DL,Purcell.Mike,15,1,0,0
DL,Quarles.Kelcy,0,0,0,0
DL,Quinn.Robert,21,5,3,0
DL,Raciti.Travis,0,0,0,0
DL,Rankins.Sheldon,0,0,0,0
DL,Reader.D.J.,0,0,0,0
DL,Reed.Cedric,0,0,0,0
DL,Reed.Jarran,0,0,0,0
DL,Reid.Caraun,29,2,0,0
DL,Reyes.Kendall,32,2,0,1
DL,Richardson.Bobby,40,1,0,1
DL,Richardson.Sheldon,35,5,2,0
DL,Ridgeway.Hassan,0,0,0,0
DL,Ringo.Christian,0,0,0,0
DL,Robinson.A'Shawn,0,0,0,0
DL,Robinson.Ryan,0,0,0,0
DL,Robison.Brian,34,5,1,0
DL,Rose.Kyle,0,0,0,0
DL,Rose.Mike,0,0,0,0
DL,Rubin.Ahtyba,36,2,0,1
DL,Rucker.Frostee,28,3,1,0
DL,Russell.Ryan,0,0,0,0
DL,Seau.Ian,0,0,0,0
DL,Sheard.Jabaal,37,8,4,0
DL,Shelby.Derrick,37,4,2,1
DL,Shelton.Danny,36,0,0,0
DL,Shittu.Aziz,0,0,0,0
DL,Short.Kawann,55,11,3,0
DL,Sigler.DeVaunte,0,0,0,0
DL,Siliga.Sealver,28,0,0,0
DL,Simmons.Delvon,0,0,0,0
DL,Simon.Deon,0,0,0,0
DL,Sims.Eugene,24,2,1,1
DL,Sims.Pat,16,0,0,0
DL,Smith.Chris,10,1,0,0
DL,Smith.Garrison,0,0,0,0
DL,Smith.Jacquies,22,7,3,0
DL,Smith.Marcus,7,2,0,0
DL,Smith.Michael,0,0,0,0
DL,Smith.Preston,35,8,3,0
DL,Smith.Quanterus,0,0,0,0
DL,Soliai.Paul,22,0,0,0
DL,Spence.Akeem,11,1,0,0
DL,Spence.Noah,0,0,0,0
DL,Square.Damion,6,0,0,0
DL,Staten.Jimmy,0,0,0,0
DL,Stephen.Shamar,3,0,0,0
DL,Still.Devon,0,0,0,0
DL,Stinson.Ed,11,1,0,0
DL,Suh.Ndamukong,61,6,0,0
DL,Sutton.Will,23,0,0,0
DL,Ta'amu.Alameda,0,0,0,0
DL,Tapp.Darryl,26,2,2,0
DL,Tapper.Charles,0,0,0,0
DL,Taylor.Devin,35,7,1,0
DL,Taylor.Phillip,0,0,0,0
DL,Thomas.Cam,11,0,0,0
DL,Thomas.Lawrence,0,0,0,0
DL,Thomas.Robert,1,0,0,0
DL,Thompson.Brandon,8,1,0,0
DL,Thornton.Cedric,33,1,0,0
DL,Thornton.Khyri,5,0,0,0
DL,Townsend.Greg,0,0,0,0
DL,Trattou.Justin,2,0,0,2
DL,Trinca-Pasat.Louis,0,0,0,0
DL,Tuitt.Stephon,54,7,0,1
DL,Tyson.DeAngelo,0,0,0,0
DL,Unrein.Mitch,19,1,0,0
DL,Urban.Brent,11,1,0,0
DL,Vaeao.Destiny,0,0,0,0
DL,Valentine.Vincent,0,0,0,0
DL,Valles.Max,0,0,0,0
DL,Vellano.Joe,0,0,0,0
DL,Vernon.Olivier,61,8,0,0
DL,Virgil.Lawrence,0,0,0,0
DL,Wake.Cameron,9,7,4,0
DL,Walker.Tyrunn,9,0,0,0
DL,Walker.Vance,33,2,0,0
DL,Walton.L.T.,0,0,0,0
DL,Ward.Channing,0,0,0,0
DL,Ward.Jihad,0,0,0,0
DL,Warmsley.Julius,0,0,0,0
DL,Washington.Adolphus,0,0,0,0
DL,Washington.Cornelius,0,0,0,0
DL,Watt.J.J.,76,18,3,0
DL,Weatherly.Stephen,0,0,0,0
DL,Webster.Larry,0,0,0,0
DL,Werner.Bjoern,13,0,0,0
DL,Westbrooks.Ethan,19,2,1,0
DL,Wilfork.Vince,22,0,0,0
DL,Wilkerson.Muhammad,64,12,2,0
DL,Williams.Brandon,53,2,1,0
DL,Williams.Brandon,0,0,0,0
DL,Williams.Dan,48,1,0,0
DL,Williams.DeShawn,0,0,0,0
DL,Williams.Ian,65,1,1,0
DL,Williams.Ishaq,0,0,0,0
DL,Williams.Jordan,0,0,0,0
DL,Williams.Kyle,14,1,0,0
DL,Williams.Leonard,63,3,0,0
DL,Williams.Mario,19,5,0,0
DL,Williams.Nick,9,0,0,0
DL,Williams.Sylvester,25,3,0,0
DL,Williams.Terry,0,0,0,0
DL,Williams.Xavier,2,0,0,0
DL,Wilson.C.J.,11,1,0,0
DL,Wolfe.Derek,49,6,0,0
DL,Wood.Zach,0,0,0,0
DL,Woodard.Jonathan,0,0,0,0
DL,Woods.Al,22,0,0,0
DL,Woods.Antwaun,0,0,0,0
DL,Worthy.Jerel,0,0,0,0
DL,Wray.Carlos,0,0,0,0
DL,Wright.Gabe,6,0,0,0
DL,Wujciak.Connor,0,0,0,0
DL,Wynn.Dylan,0,0,0,0
DL,Wynn.Kerry,53,0,0,0
DL,Zettel.Anthony,0,0,0,0
DL,Zimmer.Justin,0,0,0,0
LB,Acho.Sam,39,0,1,0
LB,Adams.Tyrell,0,0,0,0
LB,Akunne.Derek,0,0,0,0
LB,Albright.Bryson,0,0,0,0
LB,Alexander.Dominique,0,0,0,0
LB,Alexander.D.J.,13,0,0,0
LB,Alexander.Lorenzo,13,0,0,0
LB,Alexander.Kwon,93,3,2,2
LB,Alonso.Kiko,43,0,0,1
LB,Anderson.Jonathan,36,0,0,1
LB,Anderson.Kevin,0,0,0,0
LB,Anderson.Zaire,0,0,0,0
LB,Anthony.Stephone,112,1,2,1
LB,Armbrister.Thurston,23,0,0,0
LB,Armstrong.Ray-Ray,24,1,0,0
LB,Attaochu.Jeremiah,55,6,1,0
LB,Awe.Micah,0,0,0,0
LB,Ayers.Akeem,47,1,1,0
LB,Ayers.Robert,41,10,2,0
LB,Ball.Neiron,9,1,0,0
LB,Barber.Jared,0,0,0,0
LB,Barnes.Deion,0,0,0,0
LB,Barr.Anthony,68,4,3,1
LB,Barrett.Shaquil,50,6,4,0
LB,Barrington.Sam,1,0,0,0
LB,Barron.Mark,116,1,3,0
LB,Barrow.Lamin,6,0,0,0
LB,Bartu.Joplo,12,0,0,0
LB,Barwin.Connor,54,7,1,0
LB,Bass.David,36,2,0,1
LB,Bates.Daren,10,0,0,0
LB,Bates.Trevor,0,0,0,0
LB,Bates.Houston,10,0,0,0
LB,Beasley.Vic,26,4,2,1
LB,Bellore.Nick,17,0,0,0
LB,Beyer.Brennen,0,0,0,0
LB,Bishop.Freddie,0,0,0,0
LB,Blechen.Brian,0,0,0,0
LB,Blount.Akil,0,0,0,0
LB,Bond.Devante,0,0,0,0
LB,Bostic.Jon,2,0,0,0
LB,Bowman.NaVorro,154,3,1,0
LB,Bradford.Carl,0,0,0,0
LB,Bradham.Nigel,59,1,0,0
LB,Braman.Bryan,6,1,0,0
LB,Brinkley.Jasper,67,1,4,0
LB,Brooks.Ahmad,42,7,0,0
LB,Brothers.Kentrell,0,0,0,0
LB,Brown.Arthur,2,0,0,0
LB,Brown.Beniquez,0,0,0,0
LB,Brown.Jatavis,0,0,0,0
LB,Brown.Preston,120,0,1,2
LB,Brown.Zach,77,1,0,2
LB,Bryant.Armonty,40,6,2,0
LB,Bucannon.Deone,112,3,3,1
LB,Bullough.Max,30,0,0,0
LB,Burfict.Vontaze,74,1,0,2
LB,Burgess.James,0,0,0,0
LB,Butler.Donald,43,1,1,0
LB,Bynes.Josh,82,1,1,0
LB,Calhoun.Shilique,0,0,0,0
LB,Campbell.De'Vondre,0,0,0,0
LB,Carder.Tank,16,0,0,0
LB,Carter.Bruce,47,2,0,0
LB,Carter.Chris,10,0,0,0
LB,Cash.Jeremy,0,0,0,0
LB,Casillas.Jonathan,88,2,0,1
LB,Cherry.Don,0,0,0,0
LB,Chickillo.Anthony,6,0,1,0
LB,Chubb.Brandon,0,0,0,0
LB,Cliett.Reshard,0,0,0,0
LB,Clowney.Jadeveon,40,5,1,0
LB,Cole.Audie,3,0,0,0
LB,Cole.Trent,32,3,2,0
LB,Coleman.Kyle,0,0,0,0
LB,Collins.Jamie,89,6,5,1
LB,Compton.Will,96,1,0,1
LB,Conner.Kavell,22,0,0,0
LB,Correa.Kamalei,0,0,0,0
LB,Coyle.Brock,6,0,0,0
LB,Cushing.Brian,110,0,1,0
LB,Daniels.Steven,0,0,0,0
LB,Dansby.Karlos,108,0,2,3
LB,David.Lavonte,147,3,2,3
LB,Davis.Demario,90,2,0,0
LB,Davis.Shiro,0,0,0,0
LB,Davis.Thomas,105,6,4,4
LB,Davis.Todd,21,0,0,0
LB,Dawson.P.J.,12,0,0,0
LB,Dent.Akeem,18,0,0,0
LB,DiManche.Jayson,0,0,0,0
LB,Dodd.Kevin,0,0,0,0
LB,Dora.Vontarrius,0,0,0,0
LB,Dumervil.Elvis,48,6,1,0
LB,Dupree.Bud,26,4,0,0
LB,Durant.Justin,82,0,1,0
LB,Dzubnar.Nick,15,0,0,0
LB,Edebali.Kasim,21,5,0,0
LB,Ederaine.Ejiro,0,0,0,0
LB,Ellerbe.Dannell,39,0,1,0
LB,Elliott.Jay,24,3,1,1
LB,Emanuel.Kyle,25,1,0,1
LB,Fackrell.Kyler,0,0,0,0
LB,Fanaika.Jason,0,0,0,0
LB,Feeney.Travis,0,0,0,0
LB,Fields.Carlos,4,0,0,0
LB,Flowers.Marquis,0,0,0,0
LB,Floyd.Leonard,0,0,0,0
LB,Ford.Dee,23,4,0,0
LB,Forrest.Josh,0,0,0,0
LB,Fort.L.J.,0,0,0,0
LB,Foster.Mason,37,0,1,0
LB,Freeman.Jerrell,112,3,0,1
LB,Freeny.Jonathan,50,1,1,0
LB,French.Christian,0,0,0,0
LB,Fua.Alani,7,0,0,0
LB,Gachkar.Andrew,14,0,0,0
LB,Galette.Junior,0,0,0,0
LB,Ganus.Jake,0,0,0,0
LB,Gardner.Ben,0,0,0,0
LB,Garvin.Terence,9,0,0,0
LB,Gause.Quentin,0,0,0,0
LB,George.Jeremiah,7,0,0,0
LB,Gilbert.Reggie,0,0,0,0
LB,Glanton.Adarius,0,0,0,0
LB,Golden.Markus,31,4,2,0
LB,Goode.Najee,11,0,0,0
LB,Gooden.Zaviar,0,0,0,0
LB,Goodson.B.J.,0,0,0,0
LB,Grace.Jarrett,0,0,0,0
LB,Graham.Brandon,51,7,3,0
LB,Grant.Curtis,0,0,0,0
LB,Gray.Tyler,0,0,0,0
LB,Green.Torrey,0,0,0,0
LB,Green-Thompson.Shaq,50,1,0,0
LB,Greene.Khaseem,0,0,0,0
LB,Greenway.Chad,68,3,0,1
LB,Grigsby.Nicholas,0,0,0,0
LB,Grissom.Geneo,6,1,0,0
LB,Grugier-Hill.Kamu,0,0,0,0
LB,Hager.Bryce,5,0,0,0
LB,Hali.Tamba,48,7,2,0
LB,Harold.Eli,14,0,0,0
LB,Harris.Darien,0,0,0,0
LB,Harris.David,108,5,2,0
LB,Harrison.James,40,5,2,1
LB,Heeney.Ben,38,3,1,0
LB,Hekking.Brock,0,0,0,0
LB,Henderson.Erin,45,0,1,0
LB,Hepburn.Brandon,0,0,0,0
LB,Herrera.Amarlo,0,0,0,0
LB,Herring.Darreon,0,0,0,0
LB,Herzlich.Mark,30,0,1,0
LB,Hewitt.Neville,39,0,0,1
LB,Hicks.Jordan,50,1,1,2
LB,Hightower.Dont'a,61,4,0,0
LB,Hitchens.Anthony,67,2,1,0
LB,Hodges.Gerald,70,0,0,0
LB,Houston.Lamarr,42,8,0,0
LB,Houston.Justin,30,8,1,2
LB,Hull.Mike,1,0,0,0
LB,Humber.Ramon,47,1,0,0
LB,Ingram.Melvin,65,11,3,0
LB,Irvin.Bruce,38,6,1,0
LB,Irving.Nate,14,1,1,0
LB,Jack.Myles,0,0,0,0
LB,Jackson.D'Qwell,150,3,1,1
LB,Jackson.Edwin,0,0,0,0
LB,Jacobs.Ben,15,0,0,0
LB,James.Cory,0,0,0,0
LB,Jeffcoat.Jackson,4,0,1,0
LB,Jefferson.Willie,0,0,0,0
LB,Jenkins.Jelani,71,0,1,0
LB,Jenkins.Jordan,0,0,0,0
LB,Johnson.Cam,3,0,0,0
LB,Johnson.Derrick,116,4,2,2
LB,Johnson.James-Michael,3,0,0,0
LB,Johnson.Randell,6,0,0,0
LB,Johnson.Rufus,1,0,0,0
LB,Johnson.Steven,7,0,0,0
LB,Jones.Chandler,44,13,4,1
LB,Jones.Christian,86,0,0,0
LB,Jones.Lenny,0,0,0,0
LB,Jones.Deion,0,0,0,0
LB,Jones.Jarvis,29,2,1,1
LB,Jones.Taiwan,0,0,0,0
LB,Judon.Matt,0,0,0,0
LB,Kendricks.Eric,92,4,0,0
LB,Kendricks.Mychal,86,3,1,0
LB,Kennard.Devon,58,0,0,1
LB,Kerrigan.Ryan,42,10,2,0
LB,Keyes.Josh,7,0,0,0
LB,Kikaha.Hau'oli,52,4,4,0
LB,King.Deon,0,0,0,0
LB,Kirksey.Chris,63,4,1,0
LB,Klein.A.J.,55,1,1,1
LB,Kragen.Kyle,0,0,0,0
LB,Kruger.Paul,27,3,0,0
LB,Kuechly.Luke,118,1,2,4
LB,Kwiatkoski.Nick,0,0,0,0
LB,Lamur.Emmanuel,40,1,1,0
LB,Landrum.Chris,0,0,0,0
LB,Langford.Ryan,0,0,0,0
LB,Lattimore.Jamari,13,0,0,0
LB,Laurinaitis.James,109,1,1,1
LB,Lawson.Manny,47,1,0,1
LB,Lee.Darron,0,0,0,0
LB,Lee.Dillon,0,0,0,0
LB,Lee.Eric,0,0,0,0
LB,Lee.Sean,128,3,0,1
LB,Lemonier.Corey,12,0,0,0
LB,Levy.DeAndre,0,0,0,0
LB,Littleton.Cory,0,0,0,0
LB,Longa.Steve,0,0,0,0
LB,Lotulelei.John,0,0,0,0
LB,Louis.Lamar,0,0,0,0
LB,Luckett.Cavellis,0,0,0,0
LB,Lynch.Aaron,38,7,0,0
LB,Lynch.Cameron,4,0,0,0
LB,Maggitt.Curt,0,0,0,0
LB,March-Lillard.Justin,0,0,0,0
LB,Marcordes.Tyler,0,0,0,0
LB,Marshall.Brandon,102,2,2,1
LB,Martin.Gabe,0,0,0,0
LB,Martin.Josh,0,0,0,0
LB,Martin.Kareem,9,2,1,0
LB,Martinez.Blake,0,0,0,0
LB,Massaquoi.Jonathan,0,0,0,0
LB,Matakevich.Tyler,0,0,0,0
LB,Mathis.Robert,20,7,1,0
LB,Matthews.Clay,66,7,0,1
LB,Maualuga.Rey,75,0,0,1
LB,Mauga.Josh,58,1,0,2
LB,Mauldin.Lorenzo,17,4,1,0
LB,Mauti.Michael,37,0,0,0
LB,Mayo.David,9,0,0,0
LB,McClain.Rolando,80,2,0,1
LB,McClellan.Albert,17,1,0,0
LB,McClellin.Shea,81,0,1,0
LB,McCray.Lerentee,15,1,0,0
LB,McKinney.Benardrick,63,1,0,0
LB,McKinzy.Cassanova,0,0,0,0
LB,McLennan.Ivan,0,0,0,0
LB,McManis.Wynton,0,0,0,0
LB,McNary.Josh,14,0,0,0
LB,McPhee.Pernell,53,6,1,1
LB,Mercilus.Whitney,52,12,1,0
LB,Miller.Von,35,11,4,0
LB,Mingo.Barkevious,24,0,0,1
LB,Minter.Kevin,94,1,1,0
LB,Misi.Koa,78,0,0,0
LB,Moats.Arthur,35,4,0,0
LB,Moore.Sio,13,0,0,0
LB,Morgan.Derrick,24,5,1,0
LB,Morgan.Mike,17,1,0,0
LB,Morrison.Antonio,0,0,0,0
LB,Moses.Dezman,6,0,1,0
LB,Mosley.C.J.,117,4,1,0
LB,Mount.Deiontrez,0,0,0,1
LB,Mulumba.Andy,4,0,0,0
LB,Nelson.Corey,16,1,0,0
LB,Nicolas.Dadi,0,0,0,0
LB,Norman.Dwayne,0,0,0,0
LB,Norris.Jared,0,0,0,0
LB,Nzeocha.Mark,0,0,0,0
LB,Ochi.Victor,0,0,0,0
LB,Ogletree.Alec,42,2,0,0
LB,Ojemudia.Mario,0,0,0,0
LB,Okafor.Alex,31,2,0,0
LB,Okine.Earl,5,0,0,0
LB,Okpalaugo.Tristan,0,0,0,0
LB,Onwuasor.Patrick,0,0,0,0
LB,Orakpo.Brian,51,7,1,0
LB,Orchard.Nate,36,3,1,1
LB,Orr.Zach,22,1,0,0
LB,Palmer.Nate,68,1,0,0
LB,Paysinger.Spencer,25,0,0,0
LB,Peppers.Julius,37,11,2,0
LB,Perry.Joshua,0,0,0,0
LB,Perry.Nick,31,4,1,0
LB,Perryman.Denzel,73,2,1,0
LB,Peters.Brian,17,0,0,0
LB,Petteway.Shaq,0,0,0,0
LB,Pierre-Louis.Kevin,18,0,0,0
LB,Pikula.Manoa,0,0,0,0
LB,Pinkins.Eric,2,0,0,0
LB,Porter.Sean,0,0,0,0
LB,Posluszny.Paul,133,1,0,3
LB,Pullard.Hayes,24,0,0,0
LB,Ragland.Reggie,0,0,0,0
LB,Rashad.Shakeel,0,0,0,0
LB,Ray.Shane,20,4,0,0
LB,Reddick.Kevin,4,0,0,0
LB,Reed.Brooks,17,0,0,0
LB,Reilly.Mike,0,0,0,0
LB,Reilly.Trevor,16,1,1,0
LB,Rey.Vincent,98,1,0,1
LB,Reynolds.LaRoy,17,0,0,0
LB,Rhodes.Luke,0,0,0,0
LB,Riddick.Shaquille,0,0,0,0
LB,Riley.Perry,43,0,0,2
LB,Rivers.Gerald,0,0,0,0
LB,Roach.Trevor,0,0,0,0
LB,Roberts.Elandon,0,0,0,0
LB,Robertson.Pete,0,0,0,0
LB,Robertson.Craig,59,0,1,1
LB,Robertson-Harris.Roy,0,0,0,0
LB,Robinson.Edmond,10,0,0,0
LB,Robinson.Keenan,63,0,0,1
LB,Ross.James,0,0,0,0
LB,Rush.Marcus,0,0,0,0
LB,Ryan.Jake,50,0,0,0
LB,Sankey.Darnell,0,0,0,0
LB,Scarlett.Brennan,0,0,0,0
LB,Schobert.Joe,0,0,0,0
LB,Schoettmer.Jeff,0,0,0,0
LB,Shannon.Frank,0,0,0,0
LB,Shazier.Ryan,87,4,2,1
LB,Sheppard.Kelvin,105,0,0,0
LB,Simon.John,53,5,0,0
LB,Skinner.Deontae,0,0,0,0
LB,Skov.Shayne,4,0,0,0
LB,Skuta.Dan,40,2,1,0
LB,Smith.Aldon,28,4,0,0
LB,Smith.Daryl,121,3,0,1
LB,Smith.Jaylon,0,0,0,0
LB,Smith.Malcolm,122,4,2,1
LB,Smith.Telvin,128,3,2,1
LB,Smith.Terrance,0,0,0,0
LB,Smith.Za'Darius,30,6,0,0
LB,Snyder.Kevin,0,0,0,0
LB,Spaight.Martrell,1,0,0,0
LB,Spence.Sean,37,1,0,0
LB,Stanford.Julian,0,0,0,0
LB,Staples.Justin,5,0,0,0
LB,Starr.Tyler,1,0,0,0
LB,Steward.Tony,2,0,0,0
LB,Striker.Eric,0,0,0,0
LB,Stupar.Nate,40,1,0,0
LB,Suggs.Terrell,0,0,0,0
LB,Sulleyman.Sadat,0,0,0,0
LB,Sylvestre.Junior,0,0,0,0
LB,Tavai.J.R.,3,1,1,0
LB,Tavarres.Myke,0,0,0,0
LB,Te'o.Manti,83,1,1,1
LB,Thomas.J.T.,46,0,0,0
LB,Thomas.Joe,26,1,1,0
LB,Thompson.Carlos,2,0,0,0
LB,Thompson.Ron,0,0,0,0
LB,Timmons.Lawrence,119,5,1,1
LB,Timu.John,24,0,0,0
LB,Toomer.Korey,4,0,0,0
LB,Tovell.Dominique,0,0,0,0
LB,Trail.Lynden,0,0,0,0
LB,Trevathan.Danny,109,0,0,2
LB,Tripp.Jordie,14,0,0,0
LB,Tuggle.Justin,18,0,0,0
LB,Tull.Davis,0,0,0,0
LB,Unga.Uani',59,0,2,2
LB,Upshaw.Courtney,51,2,2,0
LB,VanNoy.Kyle,10,1,0,0
LB,Vigil.Nick,0,0,0,0
LB,Vigil.Zach,18,0,0,0
LB,Wagenmann.Zack,0,0,0,0
LB,Wagner.Bobby,114,1,2,0
LB,Wakefield.Michael,0,0,0,0
LB,Walden.Erik,42,3,1,0
LB,Walker.Joe,0,0,0,0
LB,Wallace.Aaron,0,0,0,0
LB,Ware.DeMarcus,25,8,1,0
LB,Washington.Tony,0,0,0,0
LB,Watson.Dekoda,2,0,0,0
LB,Watts.Brandon,7,0,1,0
LB,Weatherspoon.Sean,11,0,0,0
LB,Wheeler.Philip,29,1,1,0
LB,Whitehead.Tahir,50,2,0,1
LB,Whittingham.Jason,0,0,0,0
LB,Wilber.Kyle,24,0,0,0
LB,Wilhoite.Michael,85,0,0,1
LB,Williams.Antwione,0,0,0,0
LB,Williams.Tourek,0,0,0,0
LB,Williams.Vince,46,1,0,0
LB,Williamson.Avery,102,4,0,1
LB,Wilson.Damien,15,0,0,0
LB,Wilson.Kyrie,0,0,0,0
LB,Wilson.Ramik,20,0,0,0
LB,Woodyard.Wesley,87,5,1,0
LB,Worrilow.Paul,95,0,1,2
LB,Wright.K.J.,116,1,4,0
LB,Wright.Scooby,0,0,0,0
LB,Yarbrough.Eddie,0,0,0,0
LB,Young.Willie,30,7,0,1
LB,Zombo.Frank,19,3,1,0
LB,Zumwalt.Jordan,0,0,0,0
DB,Abdul-Quddus.Isa,57,1,1,0
DB,Acker.Kenneth,65,0,0,3
DB,Adams.Andrew,0,0,0,0
DB,Adams.Mike,75,1,3,5
DB,Addae.Jahleel,65,1,0,0
DB,Adjei-Barimah.Jude,41,0,0,0
DB,Aikens.Walt,29,0,0,0
DB,Alexander.Mackensie,0,0,0,0
DB,Alexander.Maurice,39,2,0,0
DB,Alford.Robert,53,0,0,2
DB,Allen.Antonio,0,0,0,0
DB,Allen.Cortez,6,0,0,0
DB,Allen.Nate,11,0,0,1
DB,Allen.Ricardo,68,1,0,3
DB,Amerson.David,60,0,1,4
DB,Amos.Adrian,67,1,0,0
DB,Amukamara.Prince,63,0,1,1
DB,Anderson.Colt,17,0,0,0
DB,Apple.Eli,0,0,0,0
DB,Arenas.Javier,0,0,0,0
DB,Arrington.Kyle,28,0,1,0
DB,Aubrey.Josh,0,0,0,0
DB,Bademosi.Johnson,27,0,0,0
DB,Bailey.Dion,22,1,0,0
DB,Baker.Sean,0,0,0,0
DB,Ball.Marcus,0,0,0,0
DB,Ballentine.Lonnie,3,0,0,0
DB,Banjo.Chris,16,0,0,0
DB,Banks.Johnthan,25,0,0,0
DB,Barnes.Adairius,0,0,0,0
DB,Bausby.DeVante,0,0,0,0
DB,Baxter.Keith,0,0,0,0
DB,Bell.Jered,0,0,0,0
DB,Bell.Vonn,0,0,0,0
DB,Bentley.V'Angelo,0,0,0,0
DB,Benwikere.Bene',59,1,1,0
DB,Berhe.Nat,0,0,0,0
DB,Berry.Eric,61,0,0,2
DB,Bethea.Antoine,44,1,0,0
DB,Bethel.Justin,46,0,2,2
DB,Biggers.E.J.,44,0,0,0
DB,Blackmon.Will,49,1,3,2
DB,Blake.Antwon,76,1,1,2
DB,Blanton.Robert,34,0,0,0
DB,Boddy-Calhoun.Briean,0,0,0,0
DB,Boston.Tre,29,0,0,0
DB,Bouka.Elie,0,0,0,0
DB,Bouye.A.J.,16,0,0,2
DB,Boykin.Brandon,25,1,1,1
DB,Bradberry.James,0,0,0,0
DB,Branch.Tyvon,43,1,0,1
DB,Breaux.Delvin,45,0,0,3
DB,Breeland.Bashaud,81,0,3,2
DB,Brice.Kentrell,0,0,0,0
DB,Brock.Tramaine,53,0,0,3
DB,Brooks.Cariel,1,0,0,0
DB,Brooks.Ron,12,0,0,0
DB,Brooks.Terrence,8,0,0,0
DB,Brown.Anthony,0,0,0,0
DB,Brown.Chykie,0,0,0,0
DB,Brown.Jalil,22,0,0,0
DB,Brown.Sam,0,0,0,0
DB,Brown.Stevie,0,0,0,0
DB,Browner.Brandon,76,0,0,1
DB,Bruton.David,49,1,2,2
DB,Brutus.Lamarcus,0,0,0,0
DB,Bryant.Christian,3,0,0,0
DB,Burley.Marcus,18,1,0,1
DB,Burnett.Morgan,68,0,2,0
DB,Burns.Artie,0,0,0,0
DB,Burris.Juston,0,0,0,0
DB,Bush.Deon,0,0,0,0
DB,Bush.Rafael,2,0,0,0
DB,Butler.Crezdon,3,0,0,0
DB,Butler.Darius,50,0,2,1
DB,Butler.Malcolm,67,0,0,2
DB,Butler.Mario,9,0,0,0
DB,Byard.Kevin,0,0,0,0
DB,Byrd.Jairus,53,1,1,1
DB,Caldwell.Trey,0,0,0,0
DB,Calhoun.Taveze,0,0,0,0
DB,Callahan.Bryce,21,1,0,0
DB,Campbell.Ibraheim,16,0,0,0
DB,Canady.Maurice,0,0,0,0
DB,Carey.Don,21,0,0,0
DB,Carr.Brandon,76,0,0,0
DB,Carr.Deveron,0,0,0,0
DB,Carrie.T.J.,52,0,1,1
DB,Carrington.Lloyd,0,0,0,0
DB,Carroll.Nolan,57,0,0,2
DB,Carter.Alex,0,0,0,0
DB,Carter.Tony,0,0,0,0
DB,Chancellor.Kam,74,0,1,2
DB,Chekwa.Chimdi,0,0,0,0
DB,Chestnut.Terrell,0,0,0,0
DB,Christian.Marqui,0,0,0,0
DB,Chung.Patrick,85,0,1,0
DB,Church.Barry,117,0,1,0
DB,Claiborne.Morris,37,0,0,0
DB,Clemons.Chris,5,0,0,0
DB,Clinton-Dix.HaHa,100,3,1,2
DB,Cockrell.Ross,44,0,1,2
DB,Coleman.Justin,21,0,0,0
DB,Coleman.Kurt,90,1,0,7
DB,Collins.Jalen,17,0,0,0
DB,Collins.Landon,112,0,1,1
DB,Colquhoun.Arjen,0,0,0,0
DB,Colvin.Aaron,73,4,1,0
DB,Conte.Chris,79,0,2,2
DB,Cooper.Marcus,2,0,0,0
DB,Cooper.Mariel,0,0,0,0
DB,Countess.Blake,0,0,0,0
DB,Cox.Perrish,30,0,0,1
DB,Cravens.Su'a,0,0,0,0
DB,Crawford.Richard,0,0,0,0
DB,Crawley.Ken,0,0,0,0
DB,Cromartie.Marcus,12,0,0,0
DB,Currie.Justin,0,0,0,0
DB,Cyprien.Johnathan,108,0,1,1
DB,Dangerfield.Jordan,0,0,0,0
DB,Daniel.Robertson,0,0,0,0
DB,Darby.Alden,0,0,0,0
DB,Darby.Ronald,68,0,0,2
DB,Davie.Daniel,0,0,0,0
DB,Davis.Akeem,2,0,1,0
DB,Davis.Chris,1,0,0,0
DB,Davis.Cody,10,0,0,0
DB,Davis.Sean,0,0,0,0
DB,Davis.Vontae,48,0,0,4
DB,Davis.Will,1,0,0,0
DB,Deayon.Donte,0,0,0,0
DB,Demps.Quintin,61,1,1,1
DB,Dennard.Darqueze,20,0,0,1
DB,Desir.Pierre,37,0,0,0
DB,Diggs.Quandre,38,0,1,0
DB,Dillon.K.J.,0,0,0,0
DB,Dixon.Brandon,0,0,0,0
DB,Dixon.Brian,22,0,1,0
DB,Dixon.Travell,0,0,0,0
DB,Dorleant.Makinton,0,0,0,0
DB,Doss.Lorenzo,0,0,0,0
DB,Dowling.Jonathan,0,0,0,0
DB,Drummond.Kurtis,14,0,1,0
DB,Ducre.Greg,8,0,0,0
DB,Dunbar.Quinton,13,0,0,1
DB,Durden.Kenneth,0,0,0,0
DB,Ebner.Nate,13,0,0,0
DB,Edwards.Chris,0,0,0,0
DB,Edwards.SaQwan,0,0,0,0
DB,Edwards.Shannon,0,0,0,0
DB,Ekpre-Olomu.Ifo,0,0,0,0
DB,Elam.Matt,0,0,0,0
DB,Elliott.DeAndre,0,0,0,0
DB,Elliott.Javien,0,0,0,0
DB,Elston.Trae,0,0,0,0
DB,Eskridge.Durell,0,0,0,0
DB,Evans.Josh,53,0,1,0
DB,Evans.Marwin,0,0,0,0
DB,Evans.Randall,0,0,0,0
DB,Everett.Deshazor,16,0,0,0
DB,Everette.Mikell,0,0,0,0
DB,Exum.Antone,13,0,1,0
DB,Farley.Matthias,0,0,0,0
DB,Farmer.George,0,0,0,0
DB,Fejedelem.Clayton,0,0,0,0
DB,Fleming.Jamell,21,0,0,0
DB,Flowers.Brandon,33,1,0,0
DB,Frazier.Kavon,0,0,0,0
DB,Frey.Isaiah,0,0,0,0
DB,Fuller.Kendall,0,0,0,0
DB,Fuller.Kyle,55,0,0,2
DB,Gaines.Charles,15,0,1,0
DB,Gaines.E.J.,0,0,0,0
DB,Gaines.Phillip,6,0,0,0
DB,Gaines.Rohan,0,0,0,0
DB,Garner.Montell,0,0,0,0
DB,Gary.Shamiel,11,0,0,0
DB,Gatewood.Warren,0,0,0,0
DB,Gay.William,58,1,0,2
DB,Geathers.Clayton,34,0,0,0
DB,Gilbert.Justin,10,0,0,0
DB,Gilchrist.Marcus,82,0,0,3
DB,Gilmore.Stephon,36,0,0,3
DB,Gipson.Tashaun,60,0,0,2
DB,Glenn.Jacoby,0,0,0,0
DB,Glover.Antonio,0,0,0,0
DB,Glover-Wright.Tay,0,0,0,0
DB,Golden.Robert,40,0,0,1
DB,Golson.Senquez,0,0,0,0
DB,Goodson.Demetri,10,0,0,0
DB,Graham.Corey,127,1,0,2
DB,Grant.Doran,0,0,0,0
DB,Gratz.Dwayne,27,0,0,0
DB,Green.T.J.,0,0,0,0
DB,Griffin.Michael,101,1,0,1
DB,Grimes.Brent,49,0,0,4
DB,Grymes.Aaron,0,0,0,0
DB,Gunter.LaDarius,2,0,0,0
DB,Guy.Winston,6,0,0,0
DB,Hackett.Chris,0,0,0,0
DB,Haden.Joe,22,0,0,0
DB,Hagen.Jacob,0,0,0,0
DB,Hal.Andre,36,0,0,4
DB,Hall.DeAngelo,48,0,1,0
DB,Hall.Deiondre',0,0,0,0
DB,Hall.Jimmy,0,0,0,0
DB,Hamilton.Antonio,0,0,0,0
DB,Hargreaves.Vernon,0,0,0,0
DB,Harmon.Duron,20,0,0,3
DB,Harper.Roman,73,0,0,0
DB,Harris.Anthony,15,0,0,0
DB,Harris.Chris,58,0,2,2
DB,Harris.De'Vante,0,0,0,0
DB,Harris.Erik,0,0,0,0
DB,Harris.Jeremy,1,0,0,0
DB,Harris.Vernon,0,0,0,0
DB,Hartfield.Trevon,0,0,0,0
DB,Hawkins.Josh,0,0,0,0
DB,Hayden.D.J.,70,1,1,1
DB,Hayward.Casey,65,0,0,0
DB,Heath.Jeff,25,0,1,2
DB,Hendy.A.J.,0,0,0,0
DB,Hill.Troy,6,0,0,0
DB,Hillary.Darius,0,0,0,0
DB,Hilton.Mike,0,0,0,0
DB,House.Davon,60,0,1,4
DB,Houston-Carson.DeAndre,0,0,0,0
DB,Howard.Tracy,0,0,0,0
DB,Howard.Xavien,0,0,0,0
DB,Huff.Marqueston,15,0,0,0
DB,Hunter.Michael,0,0,0,0
DB,Hurst.Demontre,5,0,0,0
DB,Hyde.Micah,55,1,0,3
DB,Ihenacho.Duke,3,0,0,0
DB,Iloka.George,47,0,0,1
DB,Ishmael.Kemal,46,0,0,1
DB,Iworah.PrinceCharles,0,0,0,0
DB,Jackson.Bennett,0,0,0,0
DB,Jackson.Kareem,58,0,1,2
DB,Jackson.Asa,1,0,0,0
DB,Jackson.Tanard,0,0,0,0
DB,Jackson.William,0,0,0,0
DB,Jacobs.Tramain,3,0,0,0
DB,James.Charles,19,0,0,0
DB,James.Kendall,0,0,0,0
DB,Jean-Baptiste.Stanley,0,0,0,0
DB,Jefferson.Tony,78,2,3,2
DB,Jenkins.Janoris,64,0,1,3
DB,Jenkins.Malcolm,109,0,3,2
DB,Jenkins.Mike,17,0,0,0
DB,Jette.Randall,0,0,0,0
DB,Johnson.Devonte,0,0,0,0
DB,Johnson.Dontae,32,0,0,0
DB,Johnson.Isaiah,1,0,0,0
DB,Johnson.Isaiah,0,0,0,0
DB,Johnson.Josh,0,0,0,0
DB,Johnson.Rashad,61,0,0,5
DB,Johnson.Kevin,54,0,0,1
DB,Johnson.Leonard,11,0,0,0
DB,Johnson.Trumaine,71,0,0,7
DB,Jones.Adam,62,1,1,3
DB,Jones.Byron,66,0,0,0
DB,Jones.Colin,21,0,0,1
DB,Jones.Cyrus,0,0,0,0
DB,Jones.Don,6,0,0,0
DB,Jones.Jonathan,0,0,0,0
DB,Jones.Tre,0,0,0,0
DB,Jones.Reshad,135,2,0,5
DB,Jones-Quartey.Harold,25,0,1,1
DB,Jordan.Michael,0,0,0,0
DB,Joseph.Johnathan,58,0,1,1
DB,Joseph.Karl,0,0,0,0
DB,Joyner.Lamarcus,72,2,0,0
DB,Kearse.Jayron,0,0,0,0
DB,Keeton.Bryson,0,0,0,0
DB,Keo.Shiloh,5,0,0,1
DB,Killebrew.Miles,0,0,0,0
DB,Kindred.Derrick,0,0,0,0
DB,King.Akeem,1,0,0,0
DB,King.Brandon,12,0,1,0
DB,Kirkpatrick.Dre,70,0,0,0
DB,Lane.Jeremy,13,0,0,2
DB,Lawson.Nevin,47,0,0,0
DB,LeBlanc.Cre'von,0,0,0,0
DB,Leonard.Richard,0,0,0,0
DB,Levine.Anthony,7,0,1,0
DB,Lewis.Keenan,6,0,0,0
DB,Lewis.Keith,0,0,0,0
DB,Lewis.Kendrick,61,0,1,0
DB,Lewis-Harris.Chris,4,0,0,0
DB,Lippett.Tony,13,0,0,0
DB,Lomax.Jordan,0,0,0,0
DB,Lowery.Dwight,76,1,0,4
DB,Lowery.B.J.,0,0,0,0
DB,Lucas.Jordan,0,0,0,0
DB,Mager.Craig,9,0,0,0
DB,Maragos.Chris,18,0,0,0
DB,Marlowe.Dean,0,0,0,0
DB,Marshall.Nick,13,0,0,0
DB,Martin.Ronald,1,0,0,0
DB,Mathieu.Tyrann,89,1,1,5
DB,Matias-Smith.Geno,0,0,0,0
DB,Maxwell.Byron,64,0,2,2
DB,McCain.Bobby,28,0,0,0
DB,McCain.Brice,39,0,0,1
DB,McClain.Robert,7,0,0,1
DB,McClure.Stefan,0,0,0,0
DB,McCoil.Dexter,0,0,0,0
DB,McCourty.Devin,64,1,0,1
DB,McCourty.Jason,15,0,0,0
DB,McCray.Demetrius,25,0,0,0
DB,McCray.L.J.,5,0,0,0
DB,McCray.Kelcie,37,0,0,0
DB,McDonald.Adrian,0,0,0,0
DB,McDonald.Dewey,1,0,0,0
DB,McDonald.Dexter,5,0,0,0
DB,McDonald.T.J.,63,1,1,0
DB,McDougald.Bradley,87,0,0,2
DB,McDougle.Dexter,6,0,0,0
DB,McEvoy.Tanner,0,0,0,0
DB,McFadden.Kimario,2,0,0,0
DB,McFadden.Leon,1,0,0,0
DB,McGill.Keith,3,0,0,0
DB,McKelvin.Leodis,32,0,0,2
DB,McKinnon.Jeremiah,0,0,0,0
DB,McLeod.Rodney,82,0,3,1
DB,McManis.Sherrick,29,0,0,0
DB,Meeks.Jonathan,13,0,1,0
DB,Middleton.Doug,0,0,0,0
DB,Miles.Rontez,24,0,0,1
DB,Miller.Harlan,0,0,0,0
DB,Milligan.Rolan,0,0,0,0
DB,Milliner.Dee,1,0,0,0
DB,Mills.Jalen,0,0,0,0
DB,Milton.Chris,0,0,0,0
DB,Mims.DavidII,0,0,0,0
DB,Mitchel.Tevin,0,0,0,0
DB,Mitchell.Mike,80,0,2,3
DB,Mitchell.Terrance,13,1,1,1
DB,Moore.Corey,1,0,0,0
DB,Moore.Rahim,16,0,0,1
DB,Moore.Sterling,45,0,3,1
DB,Morris.Darryl,15,0,0,0
DB,Munnerlyn.Captain,55,1,1,2
DB,Murray.Eric,0,0,0,0
DB,Neal.Keanu,0,0,0,0
DB,Neasman.Sharrod,0,0,0,0
DB,Nelson.Reggie,77,0,0,8
DB,Nelson.Robert,0,0,0,0
DB,Nelson.Steven,8,0,0,0
DB,Newman.Terence,62,0,0,3
DB,Nixon.Taurean,0,0,0,0
DB,Norman.Josh,56,0,3,4
DB,Okotcha.Bennett,0,0,0,0
DB,Olatoye.Deji,13,0,0,1
DB,Parker.Ron,78,5,1,3
DB,Parks.Will,0,0,0,0
DB,Parms.Damian,0,0,0,0
DB,Patmon.Tyler,13,0,0,0
DB,Patterson.Eric,3,0,0,0
DB,Perry.Nick,0,0,0,0
DB,Peters.Marcus,60,0,1,8
DB,Peterson.Kevin,0,0,0,0
DB,Peterson.Patrick,35,0,1,2
DB,Phillips.Adrian,19,0,0,1
DB,Phillips.Dashaun,5,0,0,0
DB,Pitts.Lafayette,0,0,0,0
DB,Pleasant.Eddie,36,1,0,2
DB,Poole.Brian,0,0,0,0
DB,Porter.Tracy,35,0,1,1
DB,Powell.Tyvis,0,0,0,0
DB,Powers.Jerraud,52,1,0,1
DB,Poyer.Jordan,43,1,0,2
DB,Prater.Shaun,0,0,0,0
DB,Price.Jabari,0,0,0,0
DB,Price.Sheldon,1,0,0,0
DB,Prosinski.Chris,31,1,1,0
DB,Pruitt.Jimmy,0,0,0,0
DB,Pryor.Calvin,69,0,1,2
DB,Quin.Glover,67,0,1,4
DB,Ramsey.Jalen,0,0,0,0
DB,Randall.Damarious,58,0,0,3
DB,Randolph.Brian,0,0,0,0
DB,Randolph.Shakiel,0,0,0,0
DB,Raven.Floyd,0,0,0,0
DB,Reaser.Keith,8,0,0,0
DB,Redmond.Will,0,0,0,0
DB,Reed.Kalan,0,0,0,0
DB,Reed.Trovon,0,0,0,0
DB,Reid.Eric,71,1,1,0
DB,Revis.Darrelle,39,0,0,5
DB,Reynolds.Ed,21,0,0,1
DB,Rhodes.Xavier,58,0,0,1
DB,Rice.Denzel,0,0,0,0
DB,Richards.Jordan,20,0,1,0
DB,Riggs.Cody,14,0,1,0
DB,Riley.Curtis,0,0,0,0
DB,Roberson.Marcus,29,0,1,0
DB,Roberson.Tre,0,0,0,0
DB,Roberts.Darryl,0,0,0,0
DB,Robey.Nickell,46,1,0,0
DB,Robinson.Josh,2,0,0,0
DB,Robinson.Patrick,49,0,1,1
DB,Robinson.Rashard,0,0,0,0
DB,Robinson.Trenton,52,0,0,1
DB,Roby.Bradley,40,0,1,1
DB,Rodgers-Cromartie.Dominique,58,0,2,3
DB,Rolle.Jumal,3,0,0,0
DB,Rollins.Quinten,31,1,0,2
DB,Rose.Winston,0,0,0,0
DB,Ross.Brandian,0,0,0,0
DB,Rowe.Eric,31,0,0,1
DB,Russell.KeiVarae,0,0,0,0
DB,Ryan.Logan,74,0,0,4
DB,Sample.James,15,0,0,0
DB,Sanchez.Zack,0,0,0,0
DB,Sanford.Jamarca,14,0,0,1
DB,Scandrick.Orlando,0,0,0,0
DB,Scott.Larry,0,0,0,0
DB,Scott.Tim,0,0,0,0
DB,Seamster.Sammy,0,0,0,0
DB,Searcy.Da'Norris,55,1,0,1
DB,Sefon.Jordan,0,0,0,0
DB,Seisay.Mohammed,0,0,0,0
DB,Sendejo.Andrew,74,1,0,1
DB,Sensabaugh.Coty,60,0,0,2
DB,Seymour.Kevon,0,0,0,0
DB,Shabazz.Al-Hajj,0,0,0,0
DB,Shaw.Josh,23,0,0,0
DB,Shead.DeShawn,55,1,2,1
DB,Shepherd.JaCorey,0,0,0,0
DB,Sherels.Marcus,8,0,0,0
DB,Sherman.Richard,50,0,0,2
DB,Shields.Sam,39,0,0,3
DB,Short.Kevin,0,0,0,0
DB,Shumate.Elijah,0,0,0,0
DB,Simmons.Justin,0,0,0,0
DB,Simon.Tharold,0,0,0,0
DB,Sims.LeShaun,0,0,0,0
DB,Skrine.Buster,56,0,0,1
DB,Slay.Darius,59,0,0,2
DB,Smalley.Matt,0,0,0,0
DB,Smith.C.J.,0,0,0,0
DB,Smith.D'Joun,1,0,0,0
DB,Smith.Derron,4,0,0,0
DB,Smith.Harrison,66,2,1,2
DB,Smith.Jimmy,54,1,0,3
DB,Smith.Ryan,0,0,0,0
DB,Smith.Sean,45,0,0,2
DB,Smith.Tye,1,0,0,0
DB,Sorensen.Daniel,23,1,0,0
DB,Southward.Dezmen,1,0,0,0
DB,Stafford.Daimion,25,1,0,0
DB,Stewart.Darian,63,0,1,1
DB,Stuckey.Darrell,11,1,0,0
DB,Swann.Damian,22,0,0,0
DB,Swanson.Dax,0,0,0,0
DB,Swearinger.D.J.,19,0,1,0
DB,Talib.Aqib,45,0,0,3
DB,Tandy.Keith,42,1,0,0
DB,Tartt.Jaquiski,65,2,1,1
DB,Taylor.Cooper,11,0,0,0
DB,Taylor.Jamar,48,0,0,0
DB,Terrell.Steven,4,0,0,0
DB,Therezie.Robenson,33,0,0,1
DB,Thomas.Earl,64,0,1,5
DB,Thomas.Josh,4,0,0,0
DB,Thomas.Michael,85,0,0,0
DB,Thomas.Duke,0,0,0,0
DB,Thomas.Phillip,0,0,0,0
DB,Thomas.Shamarko,12,0,0,0
DB,Thompson.Cedric,0,0,0,0
DB,Thompson.Darian,0,0,0,0
DB,Thompson.Mykkele,0,0,0,0
DB,Thompson.Peyton,13,1,0,0
DB,Thorpe.Neiko,40,0,0,1
DB,Tidwell.John,0,0,0,0
DB,Toler.Greg,51,0,1,0
DB,Trawick.Brynden,15,0,0,0
DB,Trufant.Desmond,42,1,0,1
DB,Vaccaro.Kenny,104,3,1,0
DB,VanDyke.DeMarcus,0,0,0,0
DB,Ventrone.Ross,3,0,0,0
DB,Vereen.Brock,0,0,0,0
DB,Verner.Alterraun,56,1,1,1
DB,Verrett.Jason,47,0,0,3
DB,Vinopal.Ray,0,0,0,0
DB,Wade.Trevin,52,0,1,0
DB,Wallace.Cleveland,0,0,0,0
DB,Walls.Darrin,10,0,0,0
DB,Ward.Jimmie,57,1,0,1
DB,Ward.T.J.,61,2,2,0
DB,Washington.Charles,0,0,0,0
DB,Washington.Donald,0,0,0,0
DB,Washington.Jabriel,0,0,0,0
DB,Watkins.Jaylen,4,0,0,0
DB,Waynes.Trae,30,0,0,0
DB,Webb.Lardarius,54,0,0,1
DB,Webb.B.W.,22,0,0,1
DB,Webster.Kayvon,11,0,0,0
DB,Weddle.Eric,78,1,0,0
DB,Wells.Ian,0,0,0,0
DB,White.Corey,6,0,0,0
DB,White.Darius,0,0,0,0
DB,White.D.J.,0,0,0,0
DB,White.Melvin,0,0,0,0
DB,Whitehead.Jermaine,0,0,0,0
DB,Wilcox.J.J.,53,0,0,1
DB,Williams.Aaron,15,0,0,1
DB,Williams.Brandon,0,0,0,0
DB,Williams.Frankie,0,0,0,0
DB,Williams.K'Waun,39,1,3,0
DB,Williams.P.J.,0,0,0,0
DB,Williams.Marcus,27,2,1,6
DB,Williams.Duke,28,1,0,0
DB,Williams.Shawn,32,0,0,2
DB,Williams.Steve,19,1,2,2
DB,Williams.Teddy,13,0,1,0
DB,Williams.Tramon,69,0,0,1
DB,Williams.Trevor,0,0,0,0
DB,Williamson.Andrew,0,0,0,0
DB,Wilson.Jimmy,44,1,0,1
DB,Wilson.Jarrod,0,0,0,0
DB,Wilson.Julian,0,0,0,0
DB,Wilson.Kyle,27,0,0,1
DB,Wilson.Tavon,13,0,0,0
DB,Wolff.Earl,0,0,0,0
DB,Worley.Daryl,0,0,0,0
DB,Wreh-Wilson.Blidi,20,0,0,0
DB,Wright.Major,25,0,0,0
DB,Wright.Shareece,40,0,0,0
DB,Young.Lou,0,0,0,0
DB,Young.Tavon,0,0,0,0
DB,Zamort.Ronald,0,0,0,0
DB,Zimmerman.Tyrequek,0,0,0,0